00000000
00000000
00000000
00000000
00000000
00000000
00000000
00000000
00000009
00000000
00000000
00000000
00000000
00000000
00000000
00000000
00000000
00000000
00000000
00000000
00000000
00000000
00000000
42000000
0000974c
00000000
00000000
00000000
00000000
00000000
00000000
00000000
00000000
00000000
00000000
00000000
00000000
00000000
00000000
4f4a0000
00c14c4e
00000000
00000000
00000000
00000000
00000000
00000000
00000000
00000000
00000000
00000000
00000000
00000000
00000000
00000000
4d4c1300
197b4c4e
00000000
00000000
00000000
00000000
00000000
00000000
00000000
00000000
00000000
00000000
00000000
00000000
00000000
00000000
4c4e4300
cb4c4c4c
00000000
00000000
00000000
00000000
00000000
00000000
00000000
00000000
00000000
00000000
00000000
00000000
00000000
00000000
4c4d4c0c
834c4e4c
00000009
00000000
00000000
00000000
00000000
00000000
00000000
00000000
00000000
00000000
00000000
00000000
00000000
00000000
4c4c4d48
4c4d4c4c
000000cc
00000000
00000000
00000000
00000000
00000000
00000000
00000000
00000000
00000000
00000000
00000000
00000000
13000000
4c4c4d4c
4c4e4c4c
00000381
00000000
00000000
00000000
00000000
00000000
00000000
00000000
00000000
00000000
00000000
00000000
00000000
41000000
4c4c4c4e
4c4c4c4c
0000ce4d
00000000
00000000
00000000
00000000
00000000
00000000
00000000
00000000
00000000
00000000
00000000
00000000
4c090000
4c4c4c4d
4e4c4c4c
00078a4c
00000000
00000000
00000000
00000000
00000000
00000000
00000000
00000000
00000000
00000000
00000000
00000000
4e430000
4c4c4c4c
4c4c4c4c
00d34c4c
00000000
00000000
00000000
00000000
00000000
00000000
00000000
00000000
00000000
00000000
00000000
00000000
4d4c0500
4e4c4c4c
4c4c4c4d
04894c4e
00000000
00000000
00000000
00000000
00000000
00000000
00000000
00000000
00000000
00000000
00000000
00000000
4c4e3e00
4c4d4c4c
4c4c4d4c
cf4d4c4c
00000000
00000000
00000000
00000000
00000000
00000000
00000000
00000000
00000000
00000000
00000000
00000000
4c4d4c07
af4d4c4c
4c4c4c9d
8d4c4e4c
00000001
00000000
00000000
00000000
00000000
00000000
00000000
00000000
00000000
00000000
00000000
00000000
4c4c4d3f
ff884c4e
4d4c65f6
4f4c4c4c
000000a7
00000000
00000000
00000000
00000000
00000000
00000000
00000000
00000000
00000000
00000000
0b000000
4c4c4d4c
ffd44c4c
4e4cb6ff
4c4e4c4c
0000008b
00000000
00000000
00000000
00000000
00000000
00000000
00000000
00000000
00000000
00000000
3d000000
4e4c4c4e
fcff824c
4c66f6ff
4c4c4c4d
0000c94f
00000000
00000000
00000000
00000000
00000000
00000000
00000000
00000000
00000000
00000000
4c020000
4d4c4c4d
fdffd44c
4cb1fffc
4e4c4c4d
0001924c
00000000
00000000
00000000
00000000
00000000
00000000
00000000
00000000
00000000
00000000
4d3d0000
4c4e4c4c
fefeff85
64f3fffe
4c4c4d4c
00ba544c
00000000
00000000
00000000
00000000
00000000
00000000
00000000
00000000
00000000
00000000
4e4c0200
4c4c4c4c
fefdffce
affffcfe
4c4c4e4c
00964c4e
00000000
00000000
00000000
00000000
00000000
00000000
00000000
00000000
00000000
00000000
4c4e3700
7a4c4e4c
fefefeff
f5fffefe
4c4d4c63
b2534c4c
00000000
00000000
00000000
00000000
00000000
00000000
00000000
00000000
00000000
00000000
4c4e4c02
d24c4d4c
fffefdff
fffcfeff
4c4e4cac
984c4e4c
00000000
00000000
00000000
00000000
00000000
00000000
00000000
00000000
00000000
00000000
4c4c4d3a
ff7e4c4d
fffefefe
fffdfeff
4d4c5fef
594c4d4c
00000084
00000000
00000000
00000000
00000000
00000000
00000000
00000000
00000000
04000000
4c4c4d4c
ffc94c4d
fffffefd
fcfefeff
4e4ca4ff
4c4e4c4c
000000a1
00000000
00000000
00000000
00000000
00000000
00000000
00000000
00000000
33000000
4d4c4c4d
feff774c
fffffefe
fdfeffff
4c5df1ff
4c4c4c4d
00008b55
00000000
00000000
00000000
00000000
00000000
00000000
00000000
00000000
4c000000
4d4c4c4d
fcffc74c
fffffffe
fefeffff
4ca4fffd
4d4c4c4e
00009f4c
00000000
00000000
00000000
00000000
00000000
00000000
00000000
00000000
4c300000
4c4e4c4c
fefefe76
fffffffe
feffffff
5be9fffd
4d4c4d4c
00825e4c
00000000
00000000
00000000
00000000
00000000
00000000
00000000
00000000
4d4c0000
4c4d4c4c
fefdffc2
ffffffff
feffffff
9ffffcff
4c4c4e4c
00a64c4e
00000000
00000000
00000000
00000000
00000000
00000000
00000000
00000000
4c4c2b00
704c4d4c
fefefffd
ffffffff
ffffffff
ebfffefe
4c4c4c56
735b4c4d
00000000
00000000
00000000
00000000
00000000
00000000
00000000
00000000
4c4e4c00
be4c4e4c
fffefcff
ffffffff
ffffffff
fffdfefe
4c4e4c9f
a64c4e4c
00000000
00000000
00000000
00000000
00000000
00000000
00000000
00000000
4c4c4c2d
fe714c4d
fffefefe
ffffffff
ffffffff
fffefeff
4d4c5ae6
624c4d4c
00000069
00000000
00000000
00000000
00000000
00000000
00000000
00000000
4c4c4e4c
ffbe4c4d
fffffffd
ffffffff
ffffffff
fcfffeff
4e4c99ff
4c4e4c4c
000000ac
00000000
00000000
00000000
00000000
00000000
00000000
27000000
4d4c4c4c
fff86d4c
fffffefe
ffffffff
ffffffff
fdfeffff
4c53e6ff
4c4d4c4c
00006760
00000000
00000000
00000000
00000000
00000000
00000000
4c000000
4e4c4c4e
fcffba4c
fffffffe
ffffffff
ffffffff
fefeffff
4c99fffc
4e4c4c4e
0000ad4c
00000000
00000000
00000000
00000000
00000000
00000000
4c220000
4c4d4c4c
fefffb6b
fffffffe
ffffffff
ffffffff
feffffff
56e1fffd
4d4c4d4c
0051664c
00000000
00000000
00000000
00000000
00000000
00000000
4e4c0000
4c4d4c4c
fefcffbb
ffffffff
ffffffff
ffffffff
feffffff
91fffdfe
4c4c4e4c
00b24c4e
00000000
00000000
00000000
00000000
00000000
00000000
4c4c2700
694c4d4c
fefefff5
ffffffff
ffffffff
ffffffff
ffffffff
e2fffefe
4c4c4c4f
42624c4d
00000000
00000000
00000000
00000000
00000000
00000000
4c4e4c00
b44c4e4c
fffefcff
ffffffff
ffffffff
ffffffff
ffffffff
fffcfefe
4c4e4c8b
b34c4e4c
00000000
00000000
00000000
00000000
00000000
00000000
4c4c4c1f
f8644c4d
fffefeff
fffeffff
fcfdfefe
fefefdfc
fffffeff
fffdfeff
4c4c53de
694c4d4c
00000031
00000000
00000000
00000000
00000000
00000000
4c4c4e4c
ffb44c4e
fffffefc
fdfffffe
fefffefc
fcfefffe
fefffefc
fdfefeff
4e4c8dff
4c4e4c4c
000000b8
00000000
00000000
00000000
00000000
1d000000
4d4c4c4c
fff2664c
fefffefd
fefcfeff
ceeafffe
fffde4cc
fffdfcff
fdfefffe
4c4ddcff
4c4d4c4c
00002c6a
00000000
00000000
00000000
00000000
4b000000
4e4c4c4e
fcffab4c
fffefeff
e6fffcfd
02162b7a
67271201
fdfcffdc
fefefeff
4c8cfffc
4e4c4c4e
0000b84c
00000000
00000000
00000000
00000000
4c1c0000
4c4d4c4c
fefff460
fdfffefe
098afdfd
00000000
00000000
fff67802
fffefffd
4edafffd
4d4c4c4c
00376c4c
00000000
00000000
00000000
00000000
4e4c0000
4c4e4c4c
fefcffad
fffdfffe
010059f4
00010202
03020100
e53e0001
fefffcff
88fffefe
4c4c4d4c
00bd4c4d
00000000
00000000
00000000
00000000
4d4c2b00
614c4d4c
fefeffef
fbfffefe
0104004b
00000000
00000000
32000400
fffdfff0
d5fffdfe
4c4c4c4c
29724c4e
00000000
00000000
00000000
00000000
4c4e4c00
a44c4e4c
fefefbff
77fffafe
00000500
00000000
00000000
00050000
fdfcff55
fffcfefe
4c4e4c85
bf4c4d4c
00000000
00000000
00000000
00000000
4c4c4c1e
f05b4c4d
fffefeff
02c8fffc
00000001
00000000
00000000
03000000
fbffab00
fffdfeff
4c4c4cd6
724c4d4c
00000022
00000000
00000000
00000000
4c4c4e4c
ffa94c4e
f7f8f8fb
0036e7fa
00000002
00000000
00000000
01000000
fbdc2100
fdf7f8f7
4e4c83ff
4c4d4c4c
000000c2
00000000
00000000
23000000
4d4c4d4c
ffec5d4c
282532ec
01000f2a
00000000
00000000
00000000
00000000
280b0000
df2c2628
4c4cccff
4c4e4c4c
00002177
00000000
00000000
4b000000
4e4c4c4e
fffea14c
00000be9
02040100
02020202
02020202
02020202
02020202
00010402
db050000
4c7efeff
4e4c4c4e
0000c64c
00000000
00000000
4c220000
4c4c4c4d
fffeea57
000009e8
00000000
00000000
00000000
00000000
00000000
00000000
da040000
4cd3feff
4e4c4c4d
0020754c
00000000
00000000
4e4b0000
4c4e4c4c
fffbffa3
96949af5
96969696
96969696
96969696
96969696
96969696
96969696
f0989596
7ffdfdff
4c4c4d4c
00c64c4c
00000000
00000000
4d4c2100
594c4d4c
fefdffea
ffffffff
ffffffff
ffffffff
ffffffff
ffffffff
ffffffff
ffffffff
ffffffff
cafefdfe
4c4c4c4c
217d4c4d
00000000
00000000
4c4e4a00
9a4c4d4c
fcfcfaff
f8f8f9fc
f8f8f8f8
f8f8f8f8
f8f8f8f8
f8f8f8f8
f8f8f8f8
f8f8f8f8
fbf9f8f8
fffbfcfc
4c4d4c77
cc4c4d4c
00000000
00000000
4c4d4c14
cf4c4e4c
fffffdff
ffffffff
ffffffff
ffffffff
ffffffff
ffffffff
ffffffff
ffffffff
ffffffff
fffcfeff
4c4e4ca5
7b4c4e4c
00000017
00000000
4c4c4e45
734c4d4c
b3b2b2b2
b3b3b3b3
b3b3b3b3
b3b3b3b3
b3b3b3b3
b3b3b3b3
b3b3b3b3
b3b3b3b3
b3b3b3b3
acb3b2b3
4c4d4c5f
4c4c4c4c
000000cc
13000000
4c4c4d4c
4c4c4c4c
4c4c4c4c
4c4c4c4c
4c4c4c4c
4c4c4c4c
4c4c4c4c
4c4c4c4c
4c4c4c4c
4c4c4c4c
4c4c4c4c
4c4c4c4c
4c4c4c4c
4c4e4c4c
00001584
48000000
4c4c4c4d
4e4c4c4c
4e4e4e4e
4e4e4e4e
4e4e4e4e
4e4e4e4e
4e4e4e4e
4e4e4e4e
4e4e4e4e
4e4e4e4e
4e4e4e4e
4e4e4e4e
4c4c4c4d
4d4c4c4c
0000cf4c
4c140000
4c4c4c4e
4c4c4c4c
4c4c4c4c
4c4c4c4c
4c4c4c4c
4c4c4c4c
4c4c4c4c
4c4c4c4c
4c4c4c4c
4c4c4c4c
4c4c4c4c
4c4c4c4c
4c4c4c4c
4e4c4c4c
0018854c
4c360000
4c4c4c4c
4c4c4c4c
4c4c4c4c
4c4c4c4c
4c4c4c4c
4c4c4c4c
4c4c4c4c
4c4c4c4c
4c4c4c4c
4c4c4c4c
4c4c4c4c
4c4c4c4c
4c4c4c4c
4d4c4c4c
00c06e4c
4c540000
4e4e4e4e
4e4e4e4e
4e4e4e4e
4e4e4e4e
4e4e4e4e
4e4e4e4e
4e4e4e4e
4e4e4e4e
4e4e4e4e
4e4e4e4e
4e4e4e4e
4e4e4e4e
4e4e4e4e
504e4e4e
00e2714c
4c780000
4c4c4c4d
4c4c4c4c
4c4c4c4c
4c4c4c4c
4c4c4c4c
4c4c4c4c
4c4c4c4c
4c4c4c4c
4c4c4c4c
4c4c4c4c
4c4c4c4c
4c4c4c4c
4c4c4c4c
4e4c4c4c
00adb04c
a10a0000
75757671
75757575
75757575
75757575
75757575
75757575
75757575
75757575
75757575
75757575
75757575
75757575
75757575
73757575
0000fdb7
00000000
a898b659
c4bebab5
c4caccc8
d1cbc7c5
d9d8d8d7
d4d8d9d9
d5d4d3d3
d9d9d9d8
d5d5d5d7
e8e5ded9
e7e9e9e8
d6dadfe3
cbc8cbd2
a9adc5d2
00000085
01020202
03070401
02050b04
06020407
01030303
070d0602
110b0404
12131515
1111100f
01060b0f
02050602
06040206
02050303
00020201
01010001
06020201
01020101
01020301
02020403
01020401
06040305
100a0602
524d3a27
4b47464b
4d4c4b49
5e5a544f
04080e64
03040901
01010100
01010501
02000203
03030101
02050202
04020202
03050202
01020001
06010906
52452f0e
4a48494b
4d51534f
4d4e4e4c
534e4b4a
645d4a4b
07030208
00080503
02020002
04020304
00030202
01030201
03020202
03030202
05030103
490e0806
495a504c
4d4e5153
4e4f4f4e
4f4f4e4e
4c4a4a4c
444e4f4c
090e8451
03020201
04040101
03030102
00000102
02010100
00010102
01000300
03010204
483d481b
514a515c
4e4f4c49
4c4b4a4a
4f4d4b4b
504f4f50
4c485852
87513951
0307030c
03030101
02030401
00020302
01010204
01000101
04010302
270c0105
4b54594d
4c494c4e
4a4a4c50
51535450
4e4c4d50
4b4a4b4d
54504648
455f4c50
02059b52
01010601
02020101
02010101
03030207
02030101
07030503
4c300d05
4c4a4a4d
574a4d4d
54504c4b
45484d53
514b4747
4e4d4e51
47504b53
58454c48
0a7d3c52
04020203
01010405
04010402
04050104
05030101
05040204
4d61410f
4b4a524b
414d524b
8e6f574b
ccc5b8a8
a9bbc5ca
4b546b8c
4c4b4b4a
48554a51
6548584d
03030910
00010507
02010403
02030705
04010202
29090506
4f4b4a4d
4f505047
7c5f494b
eee9d9c3
f5f4f1ef
f2f5f6f6
c0d6e9ef
4e495a74
4b4e4c50
4c514d4c
0406634f
01000105
01020105
02030709
01050204
49240405
4b53514d
434e4e50
f1d49f5c
fdfcfbf4
fdfdfbf9
f9fafcfb
f2fbfcfc
5499d0ed
4a505744
4c4a4f4d
0779445c
01010302
04000501
04070108
05020502
554c220a
50494958
91504c4a
fbfbf3d9
fbfcfbfb
fcfcfcfb
fcfefdfd
fafbfcfc
d6f2fbfa
504a4789
534c4554
39494a48
0206010a
01020103
05030101
06040603
46555123
52455049
f0c67142
f8f6fdfb
fcf8f7f8
f9fafcfe
fdfdfaf8
fbf9f9fb
faf9f4fb
446bc0ec
4e4f564e
57535146
0002030e
02000502
03000105
10040406
4d544b4b
4a575048
f8f1dd9d
fdfef9fc
fdfbfbfc
fdfdfdff
fefcfbfb
fcfdfcfe
f9f7fafa
8fdbf3f8
4a4d5142
4d50514a
08040871
00010204
01050004
3f0d0201
504e4b4e
a545534d
fcfef2f6
fbfcfef7
fdfbfbfa
fdfdfdfe
fbfaf9f9
f6f6f8fa
f7fefbf7
f4effaf7
54563f9c
4d454c4e
05098347
01020403
05000501
583d0d01
4a4a4a53
e5bc3a54
fafcfeee
fbfdfdfd
fffdfcfb
f7fafdfe
fdfdfbf8
fdfcfdfd
fdf8fcfd
f3fef8f8
4a41ade7
524d524a
09b24153
01020003
06000104
4d542d04
4d4f4d4c
f8e8ac45
fdfcfbfc
fdfdfdfe
fafbfdfd
fdfdfdfb
fafcfcfa
fafafaf9
fefefbf9
fafcfefe
4898e5f5
4c514d4f
375b564c
05010800
07060501
544e481a
52544a4d
f8fcf088
fdfffefb
fffffffe
fafbffff
fcffffff
fffff8ff
fff9fdfd
fefafeff
fffefcff
7df2f6f9
4d4d5250
874d534c
0403040a
09050602
4e44564a
6e44514e
fdfef9e6
fbfffdff
f7f9fffc
fffff8f9
fff5f7ff
fefff9fb
fffdfffe
ffffffff
eefdfef6
e3fdfef3
4b4a5467
5b54464f
030205c6
0e020406
50484943
c74d4b4d
fbfaf8f2
fffef6ff
fffbffff
faffffff
fefcfffa
f8fdfffe
fff6fdff
f8fdfff5
fdfbfffe
f2f6fcfc
514450b9
434d5149
02060697
3c040104
4a525446
ee96464a
fef7f5f6
f8faf6ff
fdfcfff8
fafffdf6
fdfffbf5
fffceff9
fcfff9f8
fffffcfd
fcfefdfb
e4feffea
4c528de8
404d4a4e
01038d60
480a0203
50494e4c
f9d75d51
fbfafafa
fafffff7
fffffbf5
fdf6fbfd
fafffafd
f3f6ffff
fafefffd
faf8fffa
fff7fff7
fdf2fffe
4453caef
5850484d
0408a447
4c240502
4c4f4c58
fded9a4a
fcfdfeef
efcad3e3
f9f7fcff
fefdffff
d2ecf5fa
fbfffdde
fff8f9ff
fff7fbfc
dcd6f9f4
fbfeeffc
4b96eff8
504b4d47
03396c47
4c430807
46544a4c
f0f7d64e
e6fcfdfe
87050427
fdfcfff9
f6fde7fe
070039a3
fca43e10
f1fffaff
b7fff9fa
05070f44
fdfe7f1a
4ad2ecfb
4f4a4f54
04ca4b50
54440b0c
4a4c4c4a
fbf9ee80
7bf6fbf9
920b0001
fefbf9fe
67fafff9
00040900
810f0007
fffaffec
05aefbfd
0402000c
eb350208
74ebfcfe
4b514a49
02ac5349
52470f0b
48504a4e
f9f7f8b7
0285f9fd
95000500
fffffdff
008efff8
10040008
04000801
f6fffaad
0015cbff
04170003
61050701
b4f5f7f9
534a524a
0f7b504b
4e481409
554d4d4b
f3f7fcd9
0a075ded
94000400
fefffdff
0127e4ff
edb10e00
00030797
fefffa36
04006df8
ced97806
0c010a1f
d1fdfcc5
4f4b4a52
45694d4a
4b4a1b05
6f4b5249
92fbfee6
0609041e
94000400
fefefcfe
0500b0ff
fffe6a05
030248fd
fffbd600
000113f2
fffff12d
06070d9a
eafbfa87
4c4f4667
86544a4a
4b4f2a04
904b5748
08a5fdea
3d010305
94000400
fefefcfe
06036aff
f1f9b600
09009afe
fefa8f0a
010602c3
f3f5ff5d
0a0104e9
f1f9f644
4b524685
a8494c4a
4d523c0a
ab4a5448
02ccf7ef
afae1c05
95000500
fefffdff
040642fe
ffffd100
0005b9f9
ffff5504
030c0098
fffefc80
05011bf3
eff9fc16
4c504a9f
a24b504b
4e50490d
ba484e4a
01c4fff2
a3f9de67
95000500
fffffdff
020530fc
edfbe40a
0006c9ff
ffff3e00
000e037d
f8f5fda3
030730fe
f2fbea09
4b4c4baf
914f524b
4e4b4e0f
c449494e
eedffdf4
a3fef7f8
95000500
fefffdff
00001bfe
fffbe80e
0402d9ff
fdff3406
00000f5e
fffef1b6
030123fd
f0fbcd04
4c4c4bb7
874f4f4e
4e46500f
ca4c4a51
fefcf5f8
a9fdf6f7
94000400
fefefcfe
020419ef
f7feea0d
0102d5fe
fffb2a00
00080165
fff7fdb1
030a30fa
e9fecf06
4c4f4bbc
844c4d50
4d4b4b0e
c6484a4e
f9f9fbf2
a8f9fcfb
94000400
fefffdff
03011af4
fbfbf111
0006defa
fff92c01
000b0265
fff7fbb1
030732fa
edfed304
4c4d4ebc
80544c4e
4d4d460e
c1494c4d
fafbfcf2
a7fcfcfb
94000400
fefffdff
040312fb
fff9e606
0000ddff
fefc3404
00030667
f7fff1b8
060223fb
f1fbd105
4e4a4cb9
864f494e
4d4f3d0c
b84a4f4d
fcfcfcf0
a4fefdfb
94000400
fefffdff
04003df9
f5ffe40e
0303c9ff
feff4200
0a0b027e
faf7fb90
04082cfc
f2fbee0e
4e4b4cad
924c4e51
4b4f330a
a54c524c
fefcfbee
a1fefcfc
94000400
fefffdff
00004aff
fcfec102
0601b9fb
ffff5c06
030b0093
fffeff87
040217ee
effafc19
4a514e97
a1465351
4b4f2c06
8a4d524b
fdfbfcf0
a2fdf9fb
94000400
fefffdff
0b036ef5
f3ffae04
080099fe
fffe9406
000602c4
f8f9ff65
080303e7
eff9f447
48544c7d
ad434c4d
4d4d2901
6c4c4e4b
f9fbfbea
a6fdf7fa
94000400
fefffdff
0a00aeff
fbfd6a00
030244f4
fcfdda00
000213f5
fdffe51d
04070793
eafbfb8e
4b514762
a153484d
4e4a2604
544c4b4c
f7fcfbd6
a7fef9fa
94000400
fefffdff
012f00fb
e19d0005
0009038c
fcfefb44
020064f7
afcb6d0a
16030418
d2fdfecd
4e4a4950
616b4e4d
4f472308
484e4a4d
f8fcf6bf
a4fdfbfd
94000400
fefffdff
0098ffff
0400050a
03010500
fcfff3ba
0112d4fd
01080000
6f070702
b2ecf6fd
4c485149
1578544b
4b48100b
4e4d494a
fbf3f479
a4fbf7fe
9b000b01
f9fff7ff
7ff3fffc
0004000a
950d000a
f4fffef9
1ab4fff8
000b0200
fd4c0303
75ecf8fd
4c494b4c
02b24950
48500b10
4d544857
fdf9d04c
c8fbfbfe
b34b584a
fffff7f5
fafff4ff
112757ac
f6b05a15
fffdf8ff
d4ffffff
1f092673
fafda03f
42caf3f9
554e4a50
05d45548
4a5a0708
4b465251
fbec9a43
f8fffdf3
ffecfffa
f5fefeff
fff7fdfe
e7fbf5fd
f7fffeff
fdf9fdf5
fbeffbfb
f4ebfff6
fbfafcfd
5184eefe
4f485648
04e0734f
45460805
544c4850
f6d2574e
fbfdf9f9
fcfdfff6
fffffff5
fdf7fffa
f7fffafe
fffff1f6
fef6ffff
fcfffff8
fcf7fffc
fcf9fff4
484fc7f0
4d485b46
063eb04a
5a0c0103
464f4c52
e98d4051
fcf6f5f5
fefffbfc
fdfcfff7
fffbfcfc
fff4f6ff
f8fdfeff
fcfcfef9
fffbedff
fcfff8fa
edfef7f9
524d79e9
4a534850
0108d764
70070100
5647533c
bd484b52
fcfefcef
fefcf7fe
fffefffe
f4fffffc
fefbfffa
fefdfefb
fffffefe
fafcfafe
f5fdfff8
f2fbf5fb
494f4fa8
38504c4c
0901b09f
1a01020b
4b495251
714a494e
f1fefadc
fefdfeff
fcfdfdfe
fafffffc
fffdffff
fffdfafd
fffafafe
fafdfffd
fef3ffff
daf8fdf8
4952585c
5f4b4d52
040207d9
07030601
4e514a8c
43544c4b
f9f1f388
fdfefff8
fefffafd
fefefffe
fff9faff
fdfffcff
fffcfffc
fefff5fd
fcfefdff
73f1f3fb
514b4857
97514b4b
060306ef
01050105
504f5a0f
504d4c4b
f2eb934b
fdfdf9f8
fcfefdfc
fcfefcfa
fbfbfaf9
fbfbfbfa
fbfdfdfb
fdfcfbfd
fafbfcfd
4492e6f3
4e4c4b58
d866544e
05020402
04050501
4c448f03
4a4d4e52
e9a44b48
f9fbfff2
fcfdfcfe
fdfcfcfc
fbfdfefe
fcfcfcf9
fdfcfcfc
fefefbfd
f5fefdf9
513e99e8
4f4d5145
60bd3c53
01000301
02020503
4a860707
4d4f464f
91474e54
f9f9eff5
f8f7fefc
fcfaf9f9
fefefdfd
fcfdfcfc
fcfaf9fa
f7fdfdfa
f0f4fbfc
4f4e518a
5045554d
02ad904a
09020204
08070104
6d0a0203
4d475648
48534f48
eff2dc83
fbfcfcf6
fafbfbfe
fdfbfafa
fafafbfd
fdfbfafa
f8fdfbfb
7fcef3f4
48534e45
485a4b48
0402d077
04010202
03010005
4a030200
505c445f
59464a4f
e6b86841
feeff9f9
faf7f6f6
fcfcfcfb
fafbfcfb
f6f6f6f7
f4f6f8fa
4166aee2
544c485d
6348564c
020302d6
01030103
02050101
07010505
4e4e4889
49575546
7f474e4a
f5f7efd0
f8f9fcfe
fbfcfdfc
fcfcfbf9
fbfbfbfa
c0edf7f7
4f4e4c72
4b4b4d4d
c7495054
02000108
05000203
00020500
04000402
454a9607
4b494265
43514e4a
ebc88f52
fbfcfbf5
fafcfcfa
f9fafbf8
eef8fcfa
587fbfe9
4b4b5051
534c5649
08ce4e4e
01010d02
00090202
03030002
04020204
5d540704
4e4f5444
514b4d4f
7055444c
eee6ceb2
eff1f1f0
f1f1f1ee
aacae5f0
4a485266
4d4e4b4a
494e4e4f
0208c563
02030204
05000502
02040202
06050101
91080205
4e574974
4f4e524c
464d464a
7e5c4b4a
b6b3ad9d
98a9b3b7
4a4a5a79
484d514d
4d4d5450
7b47514d
040209d2
01010506
03020402
01040203
05030203
01020004
5341831a
4b464c4c
52484b57
4b4e5051
52484244
4844464a
504d4b4b
524d474e
4d4a4c49
e18f4a52
02000007
03020305
03010401
02010101
01020303
04010602
52c50502
455c554b
4a4a5252
514e4b4a
53525252
504d5055
484c5455
56494f4d
49624c49
02a6cf53
03020302
02030201
02010101
02030201
01030301
05010207
59030303
593d4c99
49554949
4d4a4b50
4b4b4d4f
4e4e4c4c
534c474a
484e514e
9a534050
030403e4
02010202
01020200
02030302
01010102
02010202
02020702
02030405
5092dc07
504b5454
4f4c4a4e
524c494c
4e4a4b50
504b4a4e
564f494d
bde0a558
00060305
02050503
01000203
03020101
01020101
04040103
01030205
04010203
72050105
554367a8
5148494f
494c5458
544f4b4b
514d4c52
a66a594d
07021bdc
02010605
01030302
02010505
03000200
01010203
02020102
07010206
07010800
07000106
a3c52a06
44526876
4e4f4b44
434c504e
7d6a5041
1083d5ad
03020303
00000104
00030701
01010303
02020101
02010308
02030101
01010100
05010304
01030404
03060502
9d7f3f07
8088929c
9f928881
043f86a4
04040504
06040401
04050104
01010201
00000102
06020101
00000000
00000000
00000000
00000000
00000000
00000000
00000000
00000000
00000000
00000000
00000000
00000000
00000000
00000000
00000000
00000000
4c450000
4c4c4c4c
4c4c4c4c
4c4c4c4c
4c4c4c4c
4c4c4c4c
4c4c4c4c
4c4c4c4c
4c4c4c4c
4c4c4c4c
4c4c4c4c
4c4c4c4c
4c4c4c4c
4c4c4c4c
4d4c4c4c
0054614c
4e4c2b00
4c4c4c4c
4c4c4c4c
4c4c4c4c
4c4c4c4c
4c4c4c4c
4c4c4c4c
4c4c4c4c
4c4c4c4c
4c4c4c4c
4c4c4c4c
4c4c4c4c
4c4c4c4c
4c4c4c4c
4c4c4c4c
178a4c4f
4c4d4b00
4c4c4c4c
4c4c4c4c
4c4c4c4c
4c4c4c4c
4c4c4c4c
4c4c4c4c
4c4c4c4c
4c4c4c4c
4c4c4c4c
4c4c4c4c
4c4c4c4c
4c4c4c4c
4c4c4c4c
4c4c4c4c
f16a4c4d
4c4c5300
4c4c4c4c
4c4c4c4c
4c4c4c4c
4c4c4c4c
4c4c4c4c
4c4c4c4c
4c4c4c4c
4c4c4c4c
4c4c4c4c
4c4c4c4c
4c4c4c4c
4c4c4c4c
4c4c4c4c
4c4c4c4c
fa7d4c4e
4e4c7400
4c4c4c4c
4d4c4c4c
4d4d4d4d
4d4d4d4d
4d4d4d4d
4d4d4d4d
4d4d4d4d
4d4d4d4d
4d4d4d4d
4d4d4d4d
4d4d4d4d
4d4d4d4d
4c4c4c4d
4c4c4c4c
8cb04c4e
4e4c0c00
4c4c4c4c
4c4c4c4c
4c4c4c4c
4c4c4c4c
4c4c4c4c
4c4c4c4c
4c4c4c4c
4c4c4c4c
4c4c4c4c
4c4c4c4c
4c4c4c4c
4c4c4c4c
4c4c4c4c
4d4c4c4c
00f55f4c
4c7c0000
4c4c4c4e
63504c4c
63636363
63636363
63636363
63636363
63636363
63636363
63636363
63636363
63636363
63636363
4c4c4c5e
4e4c4c4c
00bcb84c
4c080000
4c4c4c4c
ff8f4c4e
fefefefc
fefee6e1
deddddfe
fefee0df
fefefefe
e9e8e9fe
e6e7e8e8
fefefee4
fefefefe
fffdfefe
4d4c5aed
4c4e4c4c
0000f66c
6f000000
4c4c4e4c
ff974c4e
fffffefc
ffffffff
ffffffff
ffffffff
ffffffff
ffffffff
ffffffff
ffffffff
ffffffff
fffefeff
4d4c63f7
4c4e4c4c
000068b4
0c000000
4c4c4e4c
f05f4c4d
fefefeff
fefefefe
fefefefe
fefefefe
fefefefe
fefefefe
fefefefe
fefefefe
fefefefe
fffcfefe
4c4d4cc2
664c4d4c
000000f9
00000000
4c4e4c70
ac4c4e4c
fefffcff
ffffffff
ffffffff
ffffffff
ffffffff
ffffffff
ffffffff
ffffffff
ffffffff
fffefefe
4c4e4c73
ba4c4e4c
00000072
00000000
4c4c4c03
5b4c4d4c
fefeff6d
ffffffff
ffffffff
ffffffff
ffffffff
ffffffff
ffffffff
ffffffff
ffffffff
bffffcfe
4c4c4e4c
f46b4c4d
00000000
00000000
4e4c7300
4c4e4c4c
fefdffa5
fffffffe
ffffffff
ffffffff
ffffffff
ffffffff
ffffffff
ffffffff
feffffff
71f7fffe
4c4c4e4c
70ba4c4e
00000000
00000000
4d4c0800
4c4d4c4c
feff6f5f
fffffffe
ffffffff
ffffffff
ffffffff
ffffffff
ffffffff
ffffffff
feffffff
4cbffffc
4e4c4c4e
00fd6c4c
00000000
00000000
4c6a0000
4f4c4c4e
fcffa24c
fffffefe
ffffffff
ffffffff
ffffffff
ffffffff
ffffffff
ffffffff
fefeffff
4c6cfcfe
4e4c4c4d
0040bc4c
00000000
00000000
4c070000
4d4c4c4d
ff8e594c
fffffefe
ffffffff
ffffffff
ffffffff
ffffffff
ffffffff
ffffffff
fcfffeff
4e4cbbff
4c4d4c4c
0000f667
00000000
00000000
6f000000
4c4c4e4c
ffa24c4e
fffefefd
ffffffff
ffffffff
ffffffff
ffffffff
ffffffff
ffffffff
fffefeff
4e4c6ff7
4c4e4c4c
000071ba
00000000
00000000
04000000
4c4c4c4c
f05c4c4d
fffefeff
ffffffff
ffffffff
ffffffff
ffffffff
ffffffff
ffffffff
fffcfeff
4c4e4cbf
6f4c4e4c
000000fb
00000000
00000000
00000000
4c4e4c65
9e4c4e4c
fefefcff
ffffffff
ffffffff
ffffffff
ffffffff
ffffffff
ffffffff
f9fffefe
4c4d4c66
bc4c4e4c
0000004a
00000000
00000000
00000000
4c4d4c03
584c4d4c
fefeffe8
ffffffff
ffffffff
ffffffff
ffffffff
ffffffff
feffffff
b5fffcff
4c4c4e4c
fa6a4c4d
00000000
00000000
00000000
00000000
4e4c7200
4c4e4c4c
fefdffa2
fffffffe
ffffffff
ffffffff
ffffffff
ffffffff
feffffff
6df9fffe
4c4c4e4c
59ba4c4f
00000000
00000000
00000000
00000000
4c4e0b00
4c4d4c4c
fefff05c
fffffffe
ffffffff
ffffffff
ffffffff
ffffffff
feffffff
4cbffffc
4e4c4c4e
00f9724c
00000000
00000000
00000000
00000000
4c610000
4e4c4c4e
fcff994c
fffffeff
ffffffff
ffffffff
ffffffff
ffffffff
fefeffff
4c64f8ff
4d4c4c4d
0042b94c
00000000
00000000
00000000
00000000
4c050000
4d4c4c4d
ffe65a4c
fffffefe
ffffffff
ffffffff
ffffffff
ffffffff
fcffffff
4d4cb3ff
4c4e4c4c
0000ff71
00000000
00000000
00000000
00000000
67000000
4c4c4e4c
ffa04c4e
fffffefc
ffffffff
ffffffff
ffffffff
ffffffff
fffefeff
4d4c69f8
4c4e4c4c
000032c2
00000000
00000000
00000000
00000000
03000000
4c4c4c4f
ea564c4c
fffefeff
ffffffff
ffffffff
ffffffff
ffffffff
fffcfeff
4c4e4cb7
744c4e4c
000000fb
00000000
00000000
00000000
00000000
00000000
4c4e4c68
9b4c4e4c
fefffcff
ffffffff
ffffffff
ffffffff
ffffffff
f7fffefe
4c4d4c66
ba4c4e4c
00000031
00000000
00000000
00000000
00000000
00000000
4c4d4c0a
5a4c4d4c
fefeffe4
ffffffff
ffffffff
ffffffff
ffffffff
b5fffdfe
4c4c4d4c
fe6c4c4e
00000000
00000000
00000000
00000000
00000000
00000000
4e4c7900
4c4e4c4c
fefcff9f
fffffffe
ffffffff
ffffffff
feffffff
69f9fffe
4c4c4d4c
3dc74c4e
00000000
00000000
00000000
00000000
00000000
00000000
4c4e0200
4c4c4c4c
feffe452
fffffffe
ffffffff
ffffffff
fefeffff
4caffffc
4e4c4c4e
00fb724c
00000000
00000000
00000000
00000000
00000000
00000000
4c6b0000
4e4c4c4e
fcff974c
fffffefe
ffffffff
ffffffff
fefeffff
4c63f3ff
4e4c4c4d
004cbf4c
00000000
00000000
00000000
00000000
00000000
00000000
4c020000
4d4c4c4d
ffe6574c
fffffefe
ffffffff
ffffffff
fcfeffff
4e4cb5ff
4c4e4c4c
0000fe6f
00000000
00000000
00000000
00000000
00000000
00000000
70000000
4c4c4e4c
ff9e4c4e
fffefffc
ffffffff
ffffffff
fffefeff
4d4c68f9
4c4d4c4c
000035c8
00000000
00000000
00000000
00000000
00000000
00000000
01000000
4c4c4c50
e3504c4c
fffefeff
ffffffff
ffffffff
fffcfefe
4c4e4cac
724c4e4c
000000f8
00000000
00000000
00000000
00000000
00000000
00000000
00000000
4c4e4c75
954c4e4c
fefefdff
ffffffff
ffffffff
f0fffefe
4c4d4c63
c84c4e4c
0000002a
00000000
00000000
00000000
00000000
00000000
00000000
00000000
4c4c4d02
554c4c4c
fefeffe4
ffffffff
ffffffff
b4fffcfe
4c4c4e4c
fe724c4e
00000000
00000000
00000000
00000000
00000000
00000000
00000000
00000000
4e4c6400
4c4e4c4c
fffcff99
fffffffe
feffffff
64f7fffe
4c4c4d4c
39c54c4d
00000000
00000000
00000000
00000000
00000000
00000000
00000000
00000000
4c500200
4c4c4c4c
fdffe150
fffffffe
fffeffff
4caafffc
4d4c4c4e
00fb714c
00000000
00000000
00000000
00000000
00000000
00000000
00000000
00000000
4c6b0000
4e4c4c4e
feff954c
fffffefe
fefeffff
4c65efff
4e4c4c4d
0049c74c
00000000
00000000
00000000
00000000
00000000
00000000
00000000
00000000
53000000
4c4c4c4c
ffe2524c
fffffefe
fcfeffff
4e4cb0ff
4c4e4c4c
0000fe7d
00000000
00000000
00000000
00000000
00000000
00000000
00000000
00000000
5f000000
4c4c4e4c
ff904c4e
fffefefc
fffefeff
4d4c5ef3
4c4d4c4c
000018c6
00000000
00000000
00000000
00000000
00000000
00000000
00000000
00000000
02000000
4c4c4c4d
dd514c4c
fffefdff
fffcfffe
4c4e4ca9
714c4e4c
000000fe
00000000
00000000
00000000
00000000
00000000
00000000
00000000
00000000
00000000
4c4e4c70
944c4e4c
fefefdff
f0fffefe
4c4d4c63
c84c4e4c
0000001f
00000000
00000000
00000000
00000000
00000000
00000000
00000000
00000000
00000000
4c4c5602
504c4c4c
fefeffe3
b2fffcff
4c4c4e4c
fc7f4c4e
00000000
00000000
00000000
00000000
00000000
00000000
00000000
00000000
00000000
00000000
4e4c5a00
4c4e4c4c
fefcff88
5aedfffe
4c4c4c4c
1fc64c4d
00000000
00000000
00000000
00000000
00000000
00000000
00000000
00000000
00000000
00000000
4c500000
4c4c4c4c
fdffdb50
4ca6fffc
4e4c4c4e
00fe794c
00000000
00000000
00000000
00000000
00000000
00000000
00000000
00000000
00000000
00000000
4c5e0000
4e4c4c4e
fcff914c
4c61f1ff
4e4c4c4d
0017cb4c
00000000
00000000
00000000
00000000
00000000
00000000
00000000
00000000
00000000
00000000
54010000
4c4c4c4c
ffe4504c
4e4caeff
4c4e4c4c
0000fb7b
00000000
00000000
00000000
00000000
00000000
00000000
00000000
00000000
00000000
00000000
6b000000
4c4c4e4c
ff884c4e
4c4c5aeb
4c4d4c4c
000016c8
00000000
00000000
00000000
00000000
00000000
00000000
00000000
00000000
00000000
00000000
00000000
4c4c4c53
ae534c4c
4c4d4c90
7d4c4e4c
000000fc
00000000
00000000
00000000
00000000
00000000
00000000
00000000
00000000
00000000
00000000
00000000
4c4e4c4b
4c4d4c4c
4c4c4c4c
d14c4d4c
0000000a
00000000
00000000
00000000
00000000
00000000
00000000
00000000
00000000
00000000
00000000
00000000
4c4c5500
4f4c4c4c
4c4c4c4e
fc7e4c4e
00000000
00000000
00000000
00000000
00000000
00000000
00000000
00000000
00000000
00000000
00000000
00000000
4e4c5a00
4c4c4c4c
4c4c4c4c
21c84c4e
00000000
00000000
00000000
00000000
00000000
00000000
00000000
00000000
00000000
00000000
00000000
00000000
4c500000
4c4c4c4c
4e4c4c4c
00fd7d4c
00000000
00000000
00000000
00000000
00000000
00000000
00000000
00000000
00000000
00000000
00000000
00000000
4c620000
4c4c4c4e
4c4c4c4c
000dd34d
00000000
00000000
00000000
00000000
00000000
00000000
00000000
00000000
00000000
00000000
00000000
00000000
53000000
4c4c4c4c
4c4e4c4c
0000fb7d
00000000
00000000
00000000
00000000
00000000
00000000
00000000
00000000
00000000
00000000
00000000
00000000
73000000
4c4c4e4c
4c4d4c4c
000018d0
00000000
00000000
00000000
00000000
00000000
00000000
00000000
00000000
00000000
00000000
00000000
00000000
00000000
4c4c4c53
7d4c4e4c
000000fa
00000000
00000000
00000000
00000000
00000000
00000000
00000000
00000000
00000000
00000000
00000000
00000000
00000000
4c4e4c5c
d44f4c4c
00000016
00000000
00000000
00000000
00000000
00000000
00000000
00000000
00000000
00000000
00000000
00000000
00000000
00000000
4c4c5500
fd7c4c4e
00000000
00000000
00000000
00000000
00000000
00000000
00000000
00000000
00000000
00000000
00000000
00000000
00000000
00000000
504c8200
26da4c4c
00000000
00000000
00000000
00000000
00000000
00000000
00000000
00000000
00000000
00000000
00000000
00000000
00000000
00000000
4c7b0000
00f2a94c
00000000
00000000
00000000
00000000
00000000
00000000
00000000
00000000
00000000
00000000
00000000
00000000
00000000
00000000
ad030000
0000cedb
00000000
00000000
00000000
00000000
00000000
00000000
00000000
00000000
00000000
00000000
00000000
00000000
00000000
00000000
90110000
002fa094
00000000
00000000
00000000
00000000
00000000
00000000
00000000
00000000
00000000
00000000
00000000
00000000
00000000
514a3e13
87867b67
65788488
495c4c51
0000000e
00000000
00000000
00000000
00000000
00000000
00000000
00000000
00000000
00000000
00000000
534d3b00
f2d1ba8d
fffefefe
fffefeff
85b5cfee
537a584c
00000000
00000000
00000000
00000000
00000000
00000000
00000000
00000000
00000000
43000000
f2dd904e
7da6deff
5f646b71
716c655f
fee8ab7d
4c7fd7f1
0000b863
00000000
00000000
00000000
00000000
00000000
00000000
00000000
00000000
ae552800
76caf0ff
4c4c4c51
4c4c4c4c
4c4c4c4c
534d4c4c
fdf6d282
6b5d509c
00000000
00000000
00000000
00000000
00000000
00000000
00000000
08000000
e2ffa74e
4c4c509a
4e4e4d4c
4d4e4e4e
4e4e4e4d
4c4c4e4e
a6574c4c
4c99fbe8
00003f7c
00000000
00000000
00000000
00000000
00000000
00000000
823a0000
538bf0f6
4e4e4d4c
4c4c4c4c
4c4c4c4c
4c4c4c4c
4d4c4c4c
4c4d4e4e
ebf79955
00995674
00000000
00000000
00000000
00000000
00000000
00000000
ffbc4800
4e4c54ad
4c4c4c4e
4c4c4c4c
4c4c4c4c
4c4c4c4c
4c4c4c4c
4e4d4c4c
bf5c4c4e
9d4ca2ff
00000000
00000000
00000000
00000000
00000000
00000000
77f5eb56
4c4e4e4c
4c4c4c4c
4c4c4c4c
4c4c4c4c
4c4c4c4c
4c4c4c4c
4c4c4c4c
4c4e4e4d
4cd7ff87
00000689
00000000
00000000
00000000
00000000
68000000
4c57cdf4
4c4c4d4e
4c4c4c4c
4c4c4c4c
4c4c4c4c
4c4c4c4c
4c4c4c4c
4c4c4c4c
4f4d4c4c
ede6674c
0006895d
00000000
00000000
00000000
00000000
f8650000
4e4c4cb9
4c4c4c4c
4c4c4c4c
4c4c4c4c
4c4c4c4c
4c4c4c4c
4c4c4c4c
4c4c4c4c
4c4c4c4c
cc534c4e
018b61ee
00000000
00000000
00000000
00000000
baff5c00
4c4e4e4c
4c4c4c4c
4c4c4c4c
4c4c4c4c
4c4c4c4c
4c4c4c4c
4c4c4c4c
4c4c4c4c
4c4c4c4c
4c4d4e4c
9752f1ca
00000000
00000000
00000000
00000000
4cc6f74d
4c4c4d4f
4c4c4c4c
4c4c4c4c
4c4c4c4c
4c4c4c4c
4c4c4c4c
4c4c4c4c
4c4c4c4c
4c4c4c4c
4d4e4c4c
4ce4d64c
000000b3
00000000
00000000
4c000000
4d4cddd8
4c4c4c4d
4c4c4c4c
4c4c4c4c
4c4c4c4c
4c4c4c4c
4c4c4c4c
4c4c4c4c
4c4c4c4c
4c4c4c4c
4e4c4c4c
bcf35a4c
0000db4c
00000000
00000000
9e150000
4e4c63fd
4c4c4c4c
4c4c4c4c
4c4c4c4c
4c4c4c4c
4c4c4c4c
4c4c4c4c
4c4c4c4c
4c4c4c4c
4c4c4c4c
4c4c4c4c
ff764c4e
002a6c85
00000000
00000000
ff6a0000
4c4e4c89
4c4c4c4c
4c4c4c4c
4c4c4c4c
4c4c4c4c
4c4c4c4c
4c4c4c4c
4c4c4c4c
4c4c4c4c
4c4c4c4c
4c4c4c4c
a04c4e4c
00ab5df9
00000000
00000000
c8dd4f00
4c4c4e4c
4c4c4c4c
4c4c4c4c
4c4c4c4c
4c4c4c4c
4c4c4c4c
4c4c4c4c
4c4c4c4c
4c4c4c4c
4c4c4c4c
4c4c4c4c
4e4c4c4c
ed58bcdd
00000000
00000000
68f67f06
4c4c4e4c
4c4c4c4c
4c4c4c4c
4c4c4c4c
4c4c4c4c
4c4c4c4c
4c4c4c4c
4c4c4c4c
4c4c4c4c
4c4c4c4c
4c4c4c4c
4c4e4c4c
9268ff7f
00000002
00000000
4cb7e74a
4c4c4c4e
4c4c4c4c
4c4c4c4c
4c4c4c4c
4c4c4c4c
4c4c4c4c
4c4c4c4c
4c4c4c4c
4c4c4c4c
4c4c4c4c
4c4c4c4c
4e4c4c4c
55d5d14c
000000e7
36000000
4c5bf985
4c4c4c4d
4c4c4c4c
4c4c4c4c
4c4c4c4c
4c4c4c4c
4c4c4c4c
4c4c4c4c
4c4c4c4c
4c4c4c4c
4c4c4c4c
4c4c4c4c
4d4c4c4c
63fa724c
000000a6
49000000
4d4cc5d3
4c4c4c4c
4c4c4c4c
4c4c4c4c
4c4c4c4c
4c4c4c4c
4c4c4c4c
4c4c4c4c
4c4c4c4c
4c4c4c4c
4c4c4c4c
4c4c4c4c
4c4c4c4c
bfe44c4c
0000f257
6b000000
4e4c6cff
4c4c4c4c
4c4c4c4c
4c4c4c4c
4c4c4c4c
4c4c4c4c
4c4c4c4c
4c4c4c4c
4c4c4c4c
4c4c4c4c
4c4c4c4c
4c4c4c4c
4c4c4c4c
f3844c4e
0000cc53
9f3b0000
4c4c4eef
4c4c4c4c
4c4c4c4c
4c4c4c4c
4c4c4c4c
4c4c4c4c
4c4c4c4c
4c4c4c4c
4c4c4c4c
4c4c4c4c
4c4c4c4c
4c4c4c4c
4c4c4c4c
ff5b4c4d
00398b8c
db480000
4c4e4ca3
4c4c4c4c
4c4c4c4c
4c4c4c4c
4c4c4c4c
4c4c4c4c
4c4c4c4c
4c4c4c4c
4c4c4c4c
4c4c4c4c
4c4c4c4c
4c4c4c4c
4c4c4c4c
c24c4e4c
00f74eb9
ff660000
4c4e4c84
4d4d4d4c
4d4d4d4d
4d4d4d4d
4d4d4d4d
4d4d4d4d
4d4d4d4d
4d4d4d4d
4d4d4d4d
4d4d4d4d
4d4d4d4d
4d4d4d4d
4c4d4d4d
8e4c4e4c
00e65bf7
f9700300
4c4d4c5a
4c4c4c4c
4c4c4c4c
4c4c4c4c
4c4c4c4c
4c4c4c4c
4c4c4c4c
4c4c4c4c
4c4c4c4c
4c4c4c4c
4c4c4c4c
4c4c4c4c
4c4c4c4c
714c4e4c
00b66cff
d19c4500
4c4c4e4c
57575754
57575757
57575757
57575757
57575757
57575757
57575757
57575757
57575757
57575757
57575757
54575757
4e4c4c4c
c1877bec
bcca6500
4c4e4f4c
ebe9f4bc
ebebebeb
ebebebeb
ebebebeb
ebebebeb
ebebebeb
ebebebeb
ebebebeb
ebebebeb
ebebebeb
ebebebeb
b7f4e9eb
4c4e4e4c
fb65a1cf
b3e66700
4c4e4f4c
ffcda4ca
ffffffff
ffffffff
ffffffff
ffffffff
ffffffff
ffffffff
ffffffff
ffffffff
ffffffff
ffffffff
b2e3fcff
4c4f4e4c
fc64c6bf
a1f76300
4c4e4e4c
fefbfdc9
fefefefe
fefefefe
fefefefe
fefefefe
fefefefe
fefefefe
fefefefe
fefefefe
fefefefe
fefefefe
c3fffbfe
4c4f4e4c
f464e2b6
91ff5c00
4c4e4e4c
fffcfeca
ffffffff
ffffffff
ffffffff
ffffffff
ffffffff
ffffffff
ffffffff
ffffffff
ffffffff
ffffffff
c4fffcff
4c4f4e4c
e85ff2b0
82fe5700
4c4e4e4c
fffcffca
ffffffff
ffffffff
ffffffff
ffffffff
ffffffff
ffffffff
ffffffff
ffffffff
ffffffff
ffffffff
c4fffcff
4c4f4e4c
df5af6a8
81fe5500
4c4e4e4c
fffcffca
ffffffff
ffffffff
ffffffff
ffffffff
ffffffff
ffffffff
ffffffff
ffffffff
ffffffff
ffffffff
c4fffcff
4c4f4e4c
e05af6a8
90ff5900
4c4e4e4c
fffcffca
ffffffff
ffffffff
ffffffff
ffffffff
ffffffff
ffffffff
ffffffff
ffffffff
ffffffff
ffffffff
c4fefcff
4c4f4e4c
e75ef2b0
a0f96400
4c4e4e4c
fefbffc9
fefefefe
fefefefe
fefefefe
fefefefe
fefefefe
fefefefe
fefefefe
fefefefe
fefefefe
fefefefe
c3c4fbfe
4c4f4e4c
f663e2b5
b2e76800
4c4e4f4c
fffbffca
ffffffff
ffffffff
ffffffff
ffffffff
ffffffff
ffffffff
ffffffff
ffffffff
ffffffff
ffffffff
c695fcff
4c4f4e4c
f563c7bc
bcc96400
4c4e4f4c
f3c49dc3
f3f3f3f3
f3f3f3f3
f2f2f2f3
f2f2f2f2
f3f3f3f3
f3f3f3f3
f3f3f3f3
f2f2f3f3
f0f0f0f1
f3f2f1f0
bcebf1f3
4c4e4e4c
f765a4ca
cf9e6900
4c4c4e4c
5f5e605a
5f5f5f5f
5f5f5f5f
5f5f5f5f
5f5f5f5f
5f5f5f5f
5f5f5f5f
5f5f5f5f
5f5f5f5f
5f5f5f5f
5f5f5f5f
58605e5f
4c4c4d4c
f9837cea
f6749000
4c4d4c56
4c4c4c4c
4c4c4c4c
4c4c4c4c
4c4c4c4c
4c4c4c4c
4c4c4c4c
4c4c4c4c
4c4c4c4c
4c4c4c4c
4c4c4c4c
4c4c4c4c
4c4c4c4c
714c4e4c
ddb56dff
ff69c800
4c4e4c82
4d4d4d4d
4d4d4d4d
4d4d4d4d
4d4d4d4d
4d4d4d4d
4d4d4d4d
4d4d4d4d
4d4d4d4d
4d4d4d4d
4d4d4d4d
4d4d4d4d
4d4d4d4d
8d4c4e4c
05e55df9
dd50f200
4c4e4c9e
4c4c4c4c
4c4c4c4c
4c4c4c4c
4c4c4c4c
4c4c4c4c
4c4c4c4c
4c4c4c4c
4c4c4c4c
4c4c4c4c
4c4c4c4c
4c4c4c4c
4c4c4c4c
c04c4e4c
00f74ebc
9f620000
4c4c4ce9
4c4c4c4c
4c4c4c4c
4c4c4c4c
4c4c4c4c
4c4c4c4c
4c4c4c4c
4c4c4c4c
4c4c4c4c
4c4c4c4c
4c4c4c4c
4c4c4c4c
4c4c4c4c
ff5a4c4d
00ff868c
6cb20000
4e4c6dff
4c4c4c4c
4c4c4c4c
4c4c4c4c
4c4c4c4c
4c4c4c4c
4c4c4c4c
4c4c4c4c
4c4c4c4c
4c4c4c4c
4c4c4c4c
4c4c4c4c
4c4c4c4c
f4814c4e
005acc54
4c030000
4e4cbed4
4c4c4c4c
4c4c4c4c
4c4c4c4c
4c4c4c4c
4c4c4c4c
4c4c4c4c
4c4c4c4c
4c4c4c4c
4c4c4c4c
4c4c4c4c
4c4c4c4c
4c4c4c4c
c3df4c4c
0000f556
89000000
4c5af988
4c4c4c4c
4c4c4c4c
4c4c4c4c
4c4c4c4c
4c4c4c4c
4c4c4c4c
4c4c4c4c
4c4c4c4c
4c4c4c4c
4c4c4c4c
4c4c4c4c
4d4c4c4c
6cfa6d4c
0000fea2
ca000000
4cb1ec4c
4c4c4c4e
4c4c4c4c
4c4c4c4c
4c4c4c4c
4c4c4c4c
4c4c4c4c
4c4c4c4c
4c4c4c4c
4c4c4c4c
4c4c4c4c
4c4c4c4c
4e4c4c4c
52d8cd4c
000000e4
00000000
64f58976
4c4c4d4c
4c4c4c4c
4c4c4c4c
4c4c4c4c
4c4c4c4c
4c4c4c4c
4c4c4c4c
4c4c4c4c
4c4c4c4c
4c4c4c4c
4c4c4c4c
4c4e4c4c
8d6aff7b
000000ff
00000000
c1e25268
4c4c4e4c
4c4c4c4c
4c4c4c4c
4c4c4c4c
4c4c4c4c
4c4c4c4c
4c4c4c4c
4c4c4c4c
4c4c4c4c
4c4c4c4c
4c4c4c4c
4c4d4c4c
ed56c2d7
00000003
00000000
ff6d8700
4c4e4c85
4c4c4c4c
4c4c4c4c
4c4c4c4c
4c4c4c4c
4c4c4c4c
4c4c4c4c
4c4c4c4c
4c4c4c4c
4c4c4c4c
4c4c4c4c
9a4c4e4c
fda45efc
00000000
00000000
a6552700
4e4c5ef9
4c4c4c4c
4c4c4c4c
4c4c4c4c
4c4c4c4c
4c4c4c4c
4c4c4c4c
4c4c4c4c
4c4c4c4c
4c4c4c4c
4c4c4c4c
ff714c4e
00fb668b
00000000
00000000
4ca50000
4d4cd4df
4c4c4c4d
4c4c4c4c
4c4c4c4c
4c4c4c4c
4c4c4c4c
4c4c4c4c
4c4c4c4c
4c4c4c4c
4c4c4c4c
4e4c4c4c
c2ed554c
005add4c
00000000
00000000
99000000
4cbff852
4c4c4d4f
4c4c4c4c
4c4c4c4c
4c4c4c4c
4c4c4c4c
4c4c4c4c
4c4c4c4c
4c4c4c4c
4c4c4c4c
4d4d4c4c
4cecd14c
0000fdae
00000000
00000000
00000000
b0ff5f7b
4c4d4e4c
4c4c4c4c
4c4c4c4c
4c4c4c4c
4c4c4c4c
4c4c4c4c
4c4c4c4c
4c4c4c4c
4c4c4c4c
4c4d4e4c
9055f6c5
000000ff
00000000
00000000
00000000
fd6f6c0b
4e4d4cb4
4c4c4c4c
4c4c4c4c
4c4c4c4c
4c4c4c4c
4c4c4c4c
4c4c4c4c
4c4c4c4c
4c4c4c4c
c44e4c4e
ff8161f2
00000001
00000000
00000000
00000000
6b6d3300
4c54c5f5
4c4c4d4e
4c4c4c4c
4c4c4c4c
4c4c4c4c
4c4c4c4c
4c4c4c4c
4c4c4c4c
4f4d4c4c
f0df5f4c
01fc835f
00000000
00000000
00000000
00000000
6f260000
6ceef05c
4c4e4e4c
4c4c4c4c
4c4c4c4c
4c4c4c4c
4c4c4c4c
4c4c4c4c
4c4c4c4c
4c4e4e4c
4fdefe7f
0004fb81
00000000
00000000
00000000
00000000
19000000
ffc64c84
4e4c50a0
4c4c4c4e
4c4c4c4c
4c4c4c4c
4c4c4c4c
4c4c4c4c
4e4c4c4c
b6574c4e
954cb0ff
000007ff
00000000
00000000
00000000
00000000
00000000
8b4ca900
4f82e9fb
4e4e4c4c
4c4c4c4c
4c4c4c4c
4c4c4c4c
4c4c4c4c
4c4d4e4e
f2f49053
ffbf507b
00000000
00000000
00000000
00000000
00000000
00000000
69dc0000
dbffb350
4c4c4c90
4e4e4d4c
4d4d4e4e
4e4e4d4d
4c4d4e4e
9b524c4c
4ca0ffe3
00f0e975
00000000
00000000
00000000
00000000
00000000
00000000
61000000
bc5c4fb4
6abcedff
4c4c4c50
4c4c4c4c
4c4c4c4c
504c4c4c
fff2ca76
c55854a9
000043fe
00000000
00000000
00000000
00000000
00000000
00000000
00000000
5a9ee800
f6e69c4f
7497d4fd
555a666f
6f685c55
ffdb9e78
4c8bddf4
b8feb05e
00000000
00000000
00000000
00000000
00000000
00000000
00000000
00000000
f7000000
584e77b1
fadcbf9b
fdfeffff
fffefefd
93bdd6f5
bb7e5553
0000c1ff
00000000
00000000
00000000
00000000
00000000
00000000
00000000
00000000
00000000
b4e1d100
584c5589
8d8b8273
6c818a8d
945c4c56
c1ffebb7
00000000
00000000
00000000
00000000
00000000
00000000
00000000
00000000
00000000
00000000
00000000
d0ddf3a8
8e90a6c0
c3a9918e
f6f9e1d1
00000079
00000000
00000000
00000000
00000000
00000000
00000000
00000000
00000000
00000000
00000000
00000000
00000000
1a010000
0000031e
00000000
00000000
00000000
00000000
00000000
00000000
00000000
00000000
00000000
00000000
00000000
00000000
00000000
00000000
4c2a0001
0000354c
00000000
00000000
00000000
00000000
00000000
00000000
00000000
00000000
00000000
00000000
00000000
00000000
00000000
01000000
474a0e00
001a4c46
00000001
00000000
00000000
00000000
00000000
00000000
00000000
00000000
00000000
00000000
00000000
00000000
00000000
01000000
474c3000
003c4a47
00000000
00000000
00000000
00000000
00000000
00000000
00000000
00000000
00000000
00000000
00000000
00000000
00000000
00010000
4848490f
1a4c4748
00000100
00000000
00000000
00000000
00000000
00000000
00000000
00000000
00000000
00000000
00000000
00000000
00000000
00010000
48474c32
3d4a4748
00000001
00000000
00000000
00000000
00000000
00000000
00000000
00000000
00000000
00000000
00000000
00000000
00000000
10000100
48484849
4c474848
0001001c
00000000
00000000
00000000
00000000
00000000
00000000
00000000
00000000
00000000
00000000
00000000
00000000
33000100
4848474c
4a474848
0000013e
00000000
00000000
00000000
00000000
00000000
00000000
00000000
00000000
00000000
00000000
00000000
00000000
4a110001
48484847
47484848
01001d4c
00000000
00000000
00000000
00000000
00000000
00000000
00000000
00000000
00000000
00000000
00000000
00000000
4c350001
48484847
47484848
00013f4a
00000000
00000000
00000000
00000000
00000000
00000000
00000000
00000000
00000000
00000000
00000000
01000000
474a1200
48484848
48484848
001d4c47
00000001
00000000
00000000
00000000
00000000
00000000
00000000
00000000
00000000
00000000
00000000
01000000
474c3500
48484848
48484848
02404a47
00000000
00000000
00000000
00000000
00000000
00000000
00000000
00000000
00000000
00000000
00000000
00010000
48474a12
48484848
48484848
1e4c4748
00000100
00000000
00000000
00000000
00000000
00000000
00000000
00000000
00000000
00000000
00000000
00010000
48474c34
47484848
48484847
3f4a4748
00000002
00000000
00000000
00000000
00000000
00000000
00000000
00000000
00000000
00000000
00000000
13000100
4848474a
ff484847
4748ffff
4c474848
0001001e
00000000
00000000
00000000
00000000
00000000
00000000
00000000
00000000
00000000
00000000
36000000
4848474c
ffff4848
4848ffff
4a474848
00000340
00000000
00000000
00000000
00000000
00000000
00000000
00000000
00000000
00000000
00000000
4b140001
47484847
ffff4848
4848ffff
47484847
0100204c
00000000
00000000
00000000
00000000
00000000
00000000
00000000
00000000
00000000
00000000
4b370000
48484847
ffffff48
48efffff
47484848
0003414a
00000000
00000000
00000000
00000000
00000000
00000000
00000000
00000000
00000000
01000000
474b1500
48474848
ffffff48
4ae3ffff
48484748
00214c47
00000001
00000000
00000000
00000000
00000000
00000000
00000000
00000000
00000000
00000000
474b3800
48484848
ffffff48
ecffffff
48484848
03414a47
00000000
00000000
00000000
00000000
00000000
00000000
00000000
00000000
00000000
00010000
48474b16
ff484748
ffffffff
e7ffffff
4847484a
214c4748
00000100
00000000
00000000
00000000
00000000
00000000
00000000
00000000
00000000
00000000
48474b39
ff484848
ffffffff
ffffffff
484848f8
42494748
00000004
00000000
00000000
00000000
00000000
00000000
00000000
00000000
00000000
16000100
4848474b
ff474847
ffffffff
ffffffff
474849ff
4c474848
00010021
00000000
00000000
00000000
00000000
00000000
00000000
00000000
00000000
38000000
4848474b
ffff4848
ffffffff
ffffffff
4847f5ff
49474848
00000442
00000000
00000000
00000000
00000000
00000000
00000000
00000000
00000000
4b170001
47484847
ffff4748
ffffffff
ffffffff
484ae1ff
47484847
0100234c
00000000
00000000
00000000
00000000
00000000
00000000
00000000
00000000
4b3a0000
48484847
ffff4848
ffffffff
ffffffff
47f3ffff
47484848
00054349
00000000
00000000
00000000
00000000
00000000
00000000
00000000
01000000
474c1900
48474848
ffffff48
ffffffff
ffffffff
47ffffff
48484848
00244c47
00000001
00000000
00000000
00000000
00000000
00000000
00000000
00000000
474b3b00
48484848
00ffff46
00000000
ffffffff
ecffffff
48484847
05434947
00000000
00000000
00000000
00000000
00000000
00000000
00000000
00010000
48474c19
48484748
00ffffff
00000000
ffffffff
e5ffffff
48474849
244c4748
00000100
00000000
00000000
00000000
00000000
00000000
00000000
00000000
48474a3c
48484848
00ffffff
00000000
ffffffff
ffffffff
484847ff
44494748
00000006
00000000
00000000
00000000
00000000
00000000
00000000
1a000100
4848474c
ff484847
00ffffff
00000000
ffffffff
ffffffff
484849ff
4c474848
00010026
00000000
00000000
00000000
00000000
00000000
00000000
3c000000
4848474a
ff484848
00ffffff
00000000
ffffffff
ffffffff
4847efff
49484848
00000644
00000000
00000000
00000000
00000000
00000000
00000000
4c1a0001
47484847
ffff4748
00ffffff
00000000
ffffffff
ffffffff
484ce9ff
47484847
0100264c
00000000
00000000
00000000
00000000
00000000
00000000
4a3c0100
48484847
ffffff48
00ffffff
00000000
ffffffff
ffffffff
47f8ffff
48484848
00074449
00000000
00000000
00000000
00000000
00000000
01000000
477f1c00
48474848
ffffff47
00ffffff
00000000
ffffffff
ffffffff
47ffffff
48484848
00284c47
00000001
00000000
00000000
00000000
00000000
00000000
474ae701
48484848
ffffff47
00ffffff
00000000
ffffffff
ffffffff
ffffffff
48484848
07454948
00000000
00000000
00000000
00000000
00000000
00010000
4847671c
47484748
ffffffff
00ffffff
00000000
ffffffff
ffffffff
ffffffff
4847484c
294c4748
00000100
00000000
00000000
00000000
00000000
02000000
48474ae5
ff484848
ffffffff
00ffffff
00000000
ffffffff
ffffffff
ffffffff
484848cd
45494848
00000008
00000000
00000000
00000000
00000000
1d000100
4848476a
ff484847
ffffffff
00ffffff
00000000
00000000
00000000
ffff0000
474847e3
4c474848
0001002a
00000000
00000000
00000000
00000000
f2020000
4848474a
ff474848
ffffffff
00ffffff
00000000
00000000
00000000
ffff0000
4848c8ff
48484848
00000947
00000000
00000000
00000000
00000000
741e0001
47484847
ffff4848
ffffffff
00ffffff
00000000
00000000
00000000
ffff0000
4849ffff
47484848
01002a4c
00000000
00000000
00000000
00000000
4a3f0300
48484847
ffff4848
ffffffff
00ffffff
00000000
00000000
00000000
ffff0000
48daffff
48484848
000a4748
00000000
00000000
00000000
01000000
47731f00
48484848
ffffff48
ffffffff
00ffffff
00000000
00000000
00000000
ffff0000
48ffffff
48484848
002a4c47
00000001
00000000
00000000
00000000
474a3f03
48484848
ffffff48
ffffffff
00ffffff
00000000
ffffffff
ffffffff
ffffffff
ffffffff
48484847
0a474848
00000000
00000000
00000000
00010000
48475a1f
47484748
ffffffff
ffffffff
00ffffff
00000000
ffffffff
ffffffff
ffffffff
ffffffff
4848484a
2d4c4748
00000100
00000000
00000000
04000000
48474adf
48474848
ffffffff
ffffffff
00ffffff
00000000
ffffffff
ffffffff
ffffffff
ffffffff
474847f6
48484848
0000000c
00000000
00000000
21000100
4848475e
ff474847
ffffffff
ffffffff
00ffffff
00000000
ffffffff
ffffffff
ffffffff
ffffffff
48484ae4
4c474848
0001002e
00000000
00000000
41040000
4848474a
ff474748
ffffffff
ffffffff
00ffffff
00000000
ffffffff
ffffffff
ffffffff
ffffffff
4847efff
48484847
00000c48
00000000
00000000
5a220001
47484847
ffff4748
ffffffff
ffffffff
00ffffff
00000000
ffffffff
ffffffff
ffffffff
ffffffff
484ae7ff
47484848
01002f4c
00000000
00000000
4a410400
48484847
ffff4747
ffffffff
ffffffff
00ffffff
00000000
ffffffff
ffffffff
ffffffff
ffffffff
47f6ffff
48484748
000d4948
00000000
01000000
47582300
48484848
ffffff48
ffffffff
ffffffff
00ffffff
00000000
ffffffff
ffffffff
ffffffff
ffffffff
48ffffff
48484848
00304c47
00000001
00000000
47494205
47484848
ffffff47
ffffffff
ffffffff
00ffffff
00000000
ffffffff
ffffffff
ffffffff
ffffffff
f0ffffff
48474847
0d484848
00000000
00010000
48474c23
48484748
ffffffff
ffffffff
ffffffff
00ffffff
00000000
ffffffff
ffffffff
ffffffff
ffffffff
ddffffff
48484849
304c4748
00000100
05000000
48474942
ff474848
ffffffff
ffffffff
ffffffff
00ffffff
00000000
ffffffff
ffffffff
ffffffff
ffffffff
ffffffff
474847ff
4a474848
0000000e
24000100
4848474c
ff474848
ffffffff
ffffffff
ffffffff
ffffffff
ffffffff
ffffffff
ffffffff
ffffffff
ffffffff
ffffffff
484847ff
4c474848
00010033
43060000
48484749
ff484848
ffffffff
ffffffff
ffffffff
fffff4ff
ffffffff
ffffffff
ffffffff
ffffffff
ffffffff
ffffffff
4848f1ff
47484848
01000f4a
4c250001
48484847
54484848
a29f48aa
91908585
938a9090
b3a8af9e
b8bec1bc
a3a5a4ae
8e8e8f92
8e8c8c8c
7e8a908e
488a7b79
48486d60
47484848
0100334c
49440700
48484847
48484848
48484848
48484848
48484848
48484848
48484848
48484848
48484848
48484848
48484848
48484848
48484848
48484848
00104a47
474c2600
48484848
48484848
48484848
48484848
48484848
48484848
48484848
48484848
48484848
48484848
48484848
48484848
48484848
48484848
00334c47
48494307
48484848
48484848
48484848
48484848
48484848
48484848
48484848
48484848
48484848
48484848
48484848
48484848
48484848
48484848
12494848
48474c20
48484848
48484848
48484848
48484848
48484848
48484848
48484848
48484848
48484848
48484848
48484848
48484848
48484848
48484848
2d4b4748
47464c22
47474747
47474747
47474747
47474747
47474747
47474747
47474747
47474747
47474747
47474747
47474747
47474747
47474747
47474747
2f4c4647
4b4c4106
4c4c4c4c
4c4c4c4c
4c4c4c4c
4c4c4c4c
4c4c4c4c
4c4c4c4c
4c4c4c4c
4c4c4c4c
4c4c4c4c
4c4c4c4c
4c4c4c4c
4c4c4c4c
4c4c4c4c
4c4c4c4c
0f484c4b
2a280b00
29292929
29292929
2a2a2a29
2a2a2a2a
2a2a2a2a
652a2a2a
726f716c
696d6f72
53595d63
373c434b
2f303233
2a292a2d
2a2a2a2a
29292a2a
00102929
00000000
00000000
00000000
00000000
00000000
00000000
00000000
5e604100
7468615e
00000a55
00000000
00000000
00000000
00000000
00000000
00000000
00000000
00000000
00000000
00000000
00000000
14000000
56544f38
5d5d5b59
595b5c5d
5b565556
00000f45
00000000
00000000
00000000
00000000
00000000
00000000
00000000
00000000
00000000
00000000
57503308
5e5f5f5c
5e5e5e5e
5e5e5e5e
5c5e5f5f
56565156
0000000a
00000000
00000000
00000000
00000000
00000000
00000000
00000000
00000000
47120000
5e605f58
5e5e5e5e
5e5e5e5e
5e5e5e5e
5e5e5e5e
575e605e
00226452
00000000
00000000
00000000
00000000
00000000
00000000
00000000
00000000
605b4a0d
5e5d5e5e
5e5e5e5e
5e5e5e5e
5e5e5e5e
5e5e5e5e
5e5e5d5e
68515a60
0000002b
00000000
00000000
00000000
00000000
00000000
00000000
3f010000
5d5e605a
5e5e5e5e
5e5e5d5e
5f5f5f5e
5e5f5f5f
5e5e5e5e
5e5e5e5e
59605e5d
00047b52
00000000
00000000
00000000
00000000
00000000
00000000
60551800
5e5e5d5e
5e5d5e5e
5c5f605e
53545659
59565553
5e605f5d
5e5e5d5e
5e5d5e5e
32625460
00000000
00000000
00000000
00000000
00000000
00000000
5d605c32
5e5e5e5e
5e605e5d
5f545257
8e897d6e
6d7c888e
5852535e
5d5e605e
5e5e5e5e
535a605d
00000077
00000000
00000000
00000000
00000000
46000000
5e5d5e60
5e5d5e5e
58525b60
e8cba477
fefefff9
f8fffefe
73a0c8e6
605c5256
5e5e5d5e
5f5e5d5e
00008f50
00000000
00000000
00000000
00000000
604d0000
5e5e5d5e
5d605d5e
dc9d6252
fefefffd
fdfdfeff
fffefdfd
fbfffefe
525f96d6
5e5d5f5e
5e5d5e5e
00904f60
00000000
00000000
00000000
00000000
5d604e00
5d5e5e5e
5e54605e
feffeea4
fdfcfcfe
fefefefe
fefefefe
fefcfcfd
9be9fffe
5e60555a
5d5e5e5d
974f605e
00000000
00000000
00000000
00000000
5e5d6046
5e5d5e5e
e586525e
fdfdfdff
fffefffe
ffffffff
ffffffff
fefffeff
fffefdfd
5e527dde
5e5e5d5e
50605e5d
000000a5
00000000
00000000
38000000
5e5e5e60
5a5f5d5e
feffb558
fefffdfc
fffffffe
fdffffff
fffffffb
feffffff
fcfdfffe
55a9fdff
5e5d5f5c
5e5e5d5e
00009755
00000000
00000000
5c120000
5e5e5d5e
6258605d
fdfcffd3
fffefeff
ffffffff
feffffff
fffffefe
ffffffff
fffefeff
c8fffcfd
5d5f5a5c
5e5d5e5e
002f655a
00000000
00000000
60550000
5d5e5e5d
e066585f
fffefbff
fffffffe
ffffffff
ffffffff
ffffffff
ffffffff
feffffff
fffbfeff
5f5a5fd5
5d5e5e5d
008a5360
00000000
00000000
5d604800
5e5d5e5e
fee0625a
fefefffa
ffffffff
ffffffff
ffffffff
ffffffff
ffffffff
ffffffff
fbfefffe
5c5cd4ff
5e5e5d5e
b953605d
00000000
00000000
5e5e5b0d
5e5e5e5e
fbffd159
fffffeff
ffffffff
ffffffff
ffffffff
ffffffff
ffffffff
ffffffff
fffefeff
55c4fffb
5e5e5e5f
6e585e5d
0000003a
00000000
5e5d604f
52605d5e
fffbffb2
fefefffe
fefefdfd
fffffeff
ffffffff
ffffffff
fffeffff
fdfdfefe
fefefefe
a3fffcfe
5e5d6052
52605d5e
000000b1
18000000
5e5e5e5b
8655605d
fffefdff
fffcfcfe
fcfffefe
fefffefc
ffffffff
ffffffff
fcfefffe
fffefffc
fffdfbfe
fbfefefe
5d5f5679
595e5e5e
0000536d
49000000
5e5e5d60
e25e5d5e
fdfffdff
f9fffffc
fff9ebeb
fffefcff
fffffffe
feffffff
fefcfeff
eeeaf8ff
fcfefffc
fffdffff
5e5e58d6
605d5e5e
0000ba52
58050000
5d5e5e5e
ffa35260
fdfefffc
3864bcfe
65382928
fefcffc1
fffffeff
fffeffff
c1fffcfe
2a283661
ffe07b3f
fdfefffc
605395ff
5f5e5e5d
001c7e56
5f300000
5e5e5e5e
ffec645b
f2fffefd
170f0e62
0f171c1c
fef9720f
fffffefe
fefeffff
0e79fefe
1b1c170f
b3200b15
fdfffcff
5d5de0ff
5e5e5e5e
00c55a5e
60510000
605d5e5d
fcff9d52
58fffefe
1c222107
211e1110
ff680720
fffefefe
fcfefeff
20067fff
14111d21
14182220
fefcffc3
548efffd
5d5e5d5f
00ae5160
5e570000
5e5e5e5e
fdffd959
0aa6fffb
24141f22
181c565e
aa0a221e
fffefbff
fffcfeff
1e1f13c1
48591e18
14201c15
fefff93c
55ccfffd
5e5e5e5f
4583555f
5e5c0c00
575e5e5e
fefffd78
164dfffe
e33d1825
21c5ffff
4e12201b
fffefdff
fffcfeff
1b210f64
ffffc821
211f108a
fbffac0e
6df6fffe
5e5e5e59
a6665a5e
5e5f1f00
52605d5e
fdfcffa3
0c17e0ff
ffbc090f
6cfffaf9
2f18210e
fffefff2
eafffdff
0e211a28
fff9eb75
211735f4
fcff600f
95fffdfe
5e5e6053
c4585e5e
5e5f2900
555f5e5e
fefdfccc
a1c4f5ff
ffef6277
7ffffafe
2f18210c
fffefff2
bcfffcff
101f1f11
fbfbffb3
210e6fff
fff33118
bdfffcfe
5e5e6052
ad555f5e
5e5e3400
605c5e5e
fffdfee8
feffffff
fdfefeff
4dfffefc
50122212
fffefdff
92fffbff
1a1d210c
fbfcffd4
210c95ff
ffd61a1d
dcfffdfc
5e5e5e59
93555f5e
5e5e4800
6f595e5e
fefefff9
fbfcfeff
fefefdfb
1282fbff
b40c1f20
fffefcff
73fffbfe
241a210d
fbfdffe6
200eabff
ffbb111f
f0fffdfc
5e5e5a65
7f585e5e
5e5e5b00
7f565f5e
fffefeff
ffffffff
c8fffcfe
1e103550
ff84091c
fffefefd
5ffffcfe
2c19200f
fbfdffef
1f10b7ff
ffa70d20
fbfffefb
5e5e5872
72595e5e
5e5e5d00
8a545f5e
fffefdff
ffffffff
93fffbff
1c211e02
faffaa20
fffefffe
54fffdfe
31172011
fcfefff4
1f11beff
ff9a0c20
fffefefb
5e5f567c
6a5a5e5e
5e5d5e00
90535f5e
fffefdff
ffffffff
72fffbfe
1e161202
ffb45421
fffefefd
4efffdfe
34172012
fcfefff6
1f12c1ff
ff930c20
fffdfefb
5e5f5582
665b5e5e
5e5d5e00
90535f5e
fffefdff
ffffffff
74fffdfe
113a6f55
8d0b101d
fefefdff
4efffdfe
34172012
fcfefff6
1f12c1ff
ff930c20
fffdfefb
5e5f5582
665b5e5e
5e5e5d00
8a545f5e
fffefdff
ffffffff
fbfefffe
6ffdfffe
0e1f2210
fefcffbd
54fffdfe
31172011
fcfefff4
1f11bdff
ff9a0c20
fffefefb
5e5f567c
6a5a5e5e
5e5e5b00
7e565f5e
fefefeff
fefefeff
fefffdfd
f2fffafc
10221735
fefcff58
5ffffcfe
2c18200f
fbfdffef
1f0fb5ff
ffa80d20
fbfffefb
5e5e5871
73595e5e
5e5e5900
6e595e5e
fefefff8
fffefdff
fefefeff
fffafffe
18210e6c
fefff32f
72fffbfe
251a210d
fbfdffe6
200da7ff
ffbd111f
effffdfc
5e5e5b65
81575e5e
5e5e5100
5f5d5e5e
fffdffe7
f7fffefe
fffdd9e3
fffbfefe
1a210d78
fdffe927
8ffffbff
1b1d210c
fbfdff6f
210c8fff
ffd81b1c
dafffdfd
5e5e5e59
95555f5e
5e5f4800
545f5e5e
fcfdffca
383ea9ff
fff22f1e
fffafefd
1820105d
fefff22f
b8fffbff
101f1f10
fbfbff85
210e6aff
fff53317
bafffcfe
5e5e6052
af555f5e
5e5f4700
52605d5e
fbfcffa1
1b03a7ff
ffaf121d
dbfffcfb
12201b23
fefdff50
e6fffdff
0e201b24
fffaff6b
211733f3
fcff640f
92fffdfe
5e5e6053
ce595e5e
5e5c4500
585e5e5e
fdfffc76
1b2aecff
c1291920
43ddffff
0b221e14
fefbff9f
fffcfeff
1c210f5d
ffff791b
201f117f
fcffb10e
6bf4fffe
5e5e5e5a
e7685a5e
5e573b00
5e5e5e5e
fdffd658
088dfffc
16181e22
141e4b43
450f221f
fefefffb
fffcfeff
1f1f12c6
3b49181a
12211d13
fefffc42
54c8fffd
5e5e5e5f
c585555f
60511800
605d5e5d
fdff9852
5ffdfefe
20221e07
221e1315
df300d20
fffefdff
fcfefeff
1d078aff
17141f22
18162221
fefcffca
4e8afffd
5d5e5e5f
41b25160
5e560700
5e5e5e5e
ffe8615c
f9fefefd
130d1579
0e151919
ffe4550e
fffefffd
fefeffff
1690fffd
1819140d
bf2a0b12
fdfffcff
5e5adcff
5e5e5e5e
00e25b5e
585e0000
5d5e5e5e
ff9d5260
fcfefffc
497bd1ff
6a413235
fdfefdbb
fffffeff
fffeffff
d4fffcfe
35324376
ffea8d4d
fdfefffc
60538fff
5f5e5e5d
00f48255
52230000
5e5e5d60
dd5b5d5e
fefffdff
fffefffc
fffdf5f7
fffdfdff
fffffffe
feffffff
fefcfeff
f8f5feff
fcfeffff
fffdffff
5e5e57d0
605d5e5e
0033c153
64000000
5e5e5e5a
7f555f5d
fefefdfe
fefbfcff
fbfeffff
fefffefc
ffffffff
ffffffff
fcfffefe
fffffefb
fffdfbfd
f7fffefe
5d5f5873
585e5e5e
0000f570
47000000
5e5d6051
52605d5e
fffbffaa
fefefffe
fefefefe
fffffeff
ffffffff
ffffffff
ffffffff
fefefefe
fefefffe
9bfffcfe
5e5d6052
52605d5e
000066b8
00000000
5e5e5a66
5e5e5e5e
fbffc856
fffefeff
ffffffff
ffffffff
ffffffff
ffffffff
ffffffff
ffffffff
fefefeff
53bbfffb
5e5e5e5f
73585f5d
000000f5
00000000
5d605235
5e5d5e5e
ffd85e5b
fefffefb
ffffffff
ffffffff
ffffffff
ffffffff
ffffffff
ffffffff
fbfefffe
5d58cbff
5e5e5d5e
c9545f5d
00000042
00000000
60547800
5d5e5e5d
d7605a5f
fffefbff
fffffffe
ffffffff
ffffffff
ffffffff
ffffffff
feffffff
fffbfdff
5e5b5aca
5d5e5e5d
ed915260
00000000
00000000
5b610900
5e5e5d5e
5d5a5f5d
fdfdffc7
fffefeff
ffffffff
ffffffff
ffffffff
ffffffff
fefffeff
bcfffdfd
5d5e5b57
5f5d5e5e
0def6a59
00000000
00000000
532d0000
5e5d5e5f
5c5f5d5e
fffda955
fefffdfc
fffffffe
ffffffff
ffffffff
feffffff
fdfdfeff
529df9ff
5e5d5e5e
5e5e5d5e
004ed158
00000000
00000000
66000000
5d5e604f
5e5d5e5e
dc7b525e
fcfdfeff
fefefffe
ffffffff
ffffffff
fefefefe
fffefdfc
5f5273d4
5e5e5d5e
51605e5d
0000b4b6
00000000
00000000
00000000
5e60508d
5d5e5e5d
5956605e
feffe698
fdfcfdfe
fefefefd
fdfefefe
fefdfcfd
90e0fffe
5e605856
5d5e5e5d
a44f605e
000000ee
00000000
00000000
00000000
604f8e00
5e5e5d5e
5e5f5d5e
d0915d52
fefefff8
fdfefffe
fefffefd
f6fffefe
535a8acb
5e5d5f5e
5e5d5e5e
ef9d4f60
00000000
00000000
00000000
00000000
50950000
5e5d5e5f
5e5d5e5e
55535d60
debf986e
fefffdf1
ebfbfffe
6a9098bd
605e5454
5e5e5d5e
5e5f5d5e
00eea551
00000000
00000000
00000000
00000000
a3000000
5d605a53
5e5e5e5d
5f605e5d
5a525259
827e7366
65727d82
5a535159
5d5e5f5f
5d5e5e5e
5659605d
0000e7b8
00000000
00000000
00000000
00000000
00000000
605363aa
5e5e5d5e
5e5d5e5e
5e60605e
5556585a
5b585655
5e60605e
5e5e5e5e
5f5d5e5e
d36a5260
000000aa
00000000
00000000
00000000
00000000
00000000
52893b00
5d5e6059
5e5e5e5e
5e5e5e5e
5f5f5e5e
5e5e5f5f
5e5e5e5e
5e5e5e5e
58605e5d
3df09253
00000000
00000000
00000000
00000000
00000000
00000000
b8060000
605a516e
5e5d5e5f
5e5e5e5e
5e5e5e5e
5e5e5e5e
5e5e5e5e
5f5e5d5e
74515860
0006e0cd
00000000
00000000
00000000
00000000
00000000
00000000
00000000
526bb25c
5f605e56
5e5e5e5e
5e5e5e5e
5e5e5e5e
5e5e5e5e
555e605f
ecbb7152
0000001e
00000000
00000000
00000000
00000000
00000000
00000000
00000000
b86c0000
5550597d
5f5f5e5a
5e5e5e5e
5e5e5e5e
5a5e5f5f
825b5054
002ed0c3
00000000
00000000
00000000
00000000
00000000
00000000
00000000
00000000
00000000
82aec429
55555866
5b5a5958
57595a5b
68595555
a3e1b386
0000000d
00000000
00000000
00000000
00000000
00000000
00000000
00000000
00000000
00000000
0b000000
94acab67
666a717f
81736b66
8caaaf96
00000a62
00000000
00000000
00000000
00000000
00000000
00000000
00000000
00000000
00000000
02020002
02010000
01060001
6473d405
06b65c5e
01000202
02010201
05020203
00000000
00000000
00000000
00000000
00000000
00000000
00000000
00000000
01020002
01010000
03050201
5a5c8108
0a585b5c
04000302
02010100
05020204
00000000
00000000
00000000
00000000
00000000
00000000
00000000
00000000
01010002
01010001
04010201
5b5d48ac
5d585d5e
02010106
03000101
04020204
00000000
00000000
00000000
00000000
00000000
00000000
00000000
00000000
01010002
03020001
dd040102
5b595c60
52586458
010503a3
02010001
04010203
00000000
00000000
00000000
00000000
00000000
00000000
00000000
00000000
02010102
03030102
92ec0101
605b6054
6654595f
0402d15a
02020101
02010102
00000000
00000000
00000000
00000000
00000000
00000000
00000000
00000000
02010202
02040102
60da0103
595c6052
5d5a525e
03049f4d
01030201
01000101
00000000
00000000
00000000
00000000
00000000
00000000
00000000
00000000
03000201
01030103
5e960403
5c63575d
5a61605b
05095d5f
00030203
01010101
00000000
00000000
00000000
00000000
00000000
00000000
00000000
00000000
02000101
03010002
4d610b02
595c565f
62566250
0190595c
01020104
03010103
00000000
00000000
00000000
00000000
00000000
00000000
00000000
00000000
01040001
04060501
63488d02
6f5a635e
5b5f5ea1
05536352
01000503
04010505
00000000
00000000
00000000
00000000
00000000
00000000
00000000
00000000
03010801
06060404
5262630a
b44e5c5c
5e556fca
0d485e61
05020304
05040201
00000000
00000000
00000000
00000000
00000000
00000000
00000000
00000000
04010202
01090702
55624711
de65575d
5f55b8e8
555e634b
00040406
03010404
00000000
00000000
00000000
00000000
00000000
00000000
00000000
00000000
04040202
08060406
59507259
ebb1555f
566fdfe4
5756625d
0106010d
03010200
00000000
00000000
00000000
00000000
00000000
00000000
00000000
00000000
05010202
0d0c0302
69575752
f6e2695b
4bb4f0fd
5c5d556f
0101085b
01040106
00000000
00000000
00000000
00000000
00000000
00000000
00000000
00000000
02010107
16080b01
5b624f65
f7f2c04d
79e2f2f8
60595b4f
04058a4d
01010101
00000000
00000000
00000000
00000000
00000000
00000000
00000000
00000000
03020101
53100406
55665b60
faf3ef6c
bdf0fefd
5a586948
010b575e
04000106
00000000
00000000
00000000
00000000
00000000
00000000
00000000
00000000
05010202
5e560704
57565f5a
f6f8f1be
e0f8fbfc
5b5f5579
040b515b
04070104
00000000
00000000
00000000
00000000
01010001
01020200
01020201
02020201
02030102
64468a08
7859595f
fcfef9e8
f2f5fcfb
5e5a5609
08515d5b
03020305
04040101
03020003
00010103
02020001
01010001
01020101
00020201
01010101
04010105
5b58600b
c0536058
fbfbfaef
f3fff7fe
5b517deb
0e4f5f5b
03030402
04020101
03020002
00010102
02010000
00000000
00010101
01000101
02010101
09050303
5f644d85
e774545c
f7fbf9f2
f6f7f6fd
5c560dfb
4f645e56
05020907
02010001
01010001
00000001
01010000
01000001
00000101
01010000
04020001
0e010404
5c5e5355
edc44f5e
fffffcf5
f3f3fcf7
557de5f2
4e635762
0502050e
00000101
00000000
01010100
00000001
01010001
01010001
02020100
04030101
75040605
6654625a
f0ea7e50
f9f3fdfd
fdf7fdf5
52c8f2fb
6062625d
04020845
01010100
01010001
01010101
01010001
02010002
01010001
02020200
04030100
4a0d0108
5058615e
f2e5c453
fff4fefe
f4fff6fc
81e9f0fd
62565353
04097b5c
03020001
02010102
01010102
02010001
01010001
01010101
01020100
01010100
5e720408
5e5a6358
fcf9ea7d
f8f6faf1
fdf7fefb
c9fbf4f9
5d565f5f
05c25559
03010102
02010102
01010101
02010001
01010001
01010101
01000000
02010001
5b560c04
5063595f
82f0efcd
d5b46b4a
fbfdf2f9
f1edf9fb
5f5e557f
0a80545a
02000203
01010102
01010101
01010101
00000101
00000000
01040100
05050101
5c501104
9143695e
0383f9e7
06040a05
a771300b
f2f8fad1
575f58cc
ba505c61
00020402
00000604
01010000
00000101
01000101
00010000
02020207
04060100
6258590d
cf5e594f
9826edf5
acd4e9fb
04093a77
f69d0812
5a5088e9
79545b5f
02010100
010a0001
00000001
01010100
02010102
01010101
01030201
08010902
635e5318
ec945a59
f659c1ef
f7ffeffe
d6f3fdf5
dc0f2282
5d59caf3
505a5b5c
02000305
02020602
00010001
02010000
02020102
00020101
01030403
07050102
5a615359
fbcc5e54
fd9667fa
f9f2f9f4
fdf1fbfb
b01bf6fd
508feaf2
55605b60
04030970
05030303
00010101
02000101
02020002
00020200
07000203
710d0303
654f5758
fdef8d59
f78d29ff
f6fdf9fd
f2fdfdf7
af61f6ef
55d0f1f8
5b5f5c5e
0205104d
04030005
01020101
02000202
02020002
01020200
06020203
50120604
5e59675e
e3fbc95e
1f040679
b68f664c
f3f8f2dc
a85dfdfa
92edf1fc
5d585f4c
0409675b
04040203
01030200
01010202
02020101
01020301
080a0704
567c0705
4c5d5859
99f6e78e
03100a05
01050702
97582505
b93dfed6
d8f4f6fa
5d5e5760
010c4d60
05050503
01040401
01010302
02030101
02020301
0c050104
5b530908
57586658
64f3f1d3
03050305
0605020c
080b0107
c4092001
ebf8fafd
566e4895
036e535e
03040204
01050501
00020402
00010101
02010203
02010204
5b5a6507
9d506353
3bfcfcef
03070b06
06020300
03040606
6f00070f
f2f9fcf9
5c5e52dc
1155655b
02000304
02010201
01020101
01010100
01000202
02050204
5f5f500a
cf635666
27f1fdf6
02030405
01010903
04020605
02060402
fbfaf6d7
604b99eb
644a6f54
01030705
03010202
00020301
01010101
01000202
05010201
61575970
e9944b64
01defdf6
07020b03
07010601
04060008
06070602
f8fafbdc
5e5cd5f3
535d5a5a
010303a9
05030203
02020500
01010101
00010101
0a010703
6058664b
eccb6154
16e6fdf1
06010e02
02010a03
030c0007
2a010b08
f6fafef9
5198e7f8
555b5962
0304df60
05050003
02030500
00000102
00010101
6d060302
63585859
f0e69e4f
49fdfdf8
08250306
01070902
020b0e01
450c0800
fafdf6fc
5fd0eefe
61605e57
0306b04e
03050202
01010301
01000002
01020101
4f0d0106
5060595e
f6e8d662
26f2fcfe
d4fd4901
022a5691
05020708
72020903
f7fdf5fb
a0eaf5fb
6452634a
04d96158
01040301
01000001
02000101
02020102
645c0504
5f53654f
faeeed9d
0de6fcfb
f0fc6802
e1f8fbf5
53668cbe
b7090204
f6fefafe
def5f7f4
5d5a5e65
029f4f5a
01010300
02010201
02010101
02000002
5d560d01
5e5b5c5f
fffbf0e2
4af9fdf7
fcfdaf01
fafdfafd
e6fefefb
fc5d0720
fdfaf6fa
effbf8fa
626149a5
08685d57
01020101
02010201
02040102
01010202
5a586007
af446458
effbf3ef
9c675d97
faf8ffc8
fefafbfe
e0f1f2fc
f9940403
fafcfcfa
fafafcfc
615363d9
995c565c
02060503
01010102
01010502
06040201
535c619c
d76e5068
25c7fefc
9b150205
f1fefefb
f8fefaf5
b5fdfef1
fea40a02
f6fefdf6
f4fbfef8
585ba8ec
58566156
05040506
01070103
05020004
d0040301
58574b5f
ecb04769
071bf7f2
fefe6c01
fefaf5fb
f5feebff
d7d2d9fe
fff26c7e
fbf9f8f5
fcfdffff
4d6ad6f7
595c5d64
01030e99
01010604
03010402
960a0105
6954694f
f6d86a55
0606b1fe
f6f3e008
fcfffbff
b2fafcec
55020037
f8faf7d1
faf9fcfe
fff8f7fc
53aaecfa
65555067
0306085f
07010603
03010201
5a070203
62535a58
f8eab94b
0033ebfa
edcf5806
f4faf6fa
0261fdff
fee36700
fcfefcf5
fbfdfcf5
fbfbfdfc
73e7edf2
5d5b624f
0206944d
04020402
02040102
52100603
4b635e60
fef2df68
7de3fefc
02080134
997c5b36
010584a9
d8e0db69
e3d8d6de
e1d6dae2
fafafbf4
aef4ebfc
605f6a4a
050b595d
03060305
06010304
5d5d0a04
5b5b595f
f9f1efbb
fdfcf6fe
3a82d0f5
03000108
08060403
00020004
08030d05
05040303
ca7b2b0a
e0f6fdf4
58575078
04954c65
01010401
02030105
575e8e02
725e4e60
f7fefdd8
fefbf5fd
f9fdfafd
75afd0f2
0607326d
00180c01
03010503
04020507
02000207
edfcfa8d
566b4bb5
06576753
02000205
02080902
575b5a0d
ba4d5c5c
fbfef0ef
fdfdfdfd
fdfdfdfd
f8fdf5fd
023af9fd
c9781f05
dcdee1e5
84b2c9d2
04060348
f1fbae09
5a596fee
92446a57
0b01040d
06090304
5e5e598b
d97b4e60
fcfcfaf1
fefefefe
fefefefe
feecfef0
43e5fcfa
24000708
fbfafcb4
fcfcfefd
0320c0fc
faf74f04
5d57b6ef
595f5361
030302d1
d3010008
61585658
f0be4a5f
fafdf7fa
fefefefe
fefefefe
f7f6fefb
dffef1fe
02090f7a
fefa9507
f2fafdf9
048ff8fe
fdfd2d10
506ee6f2
4a635564
06030396
87f30105
56675b4f
f8e67451
fbfbf1fb
fdfdfdfd
fdfdfdfd
fdfffbff
fff3f8ff
0635f1fa
f7db0600
fffff9ff
00abfcf2
fcfd2e02
57b8f1f7
60595b5a
07010c52
54ce0204
5e5e6161
faefbe4d
fef6f6f7
fefefefe
fefefefe
fafefcf8
edfafef6
04acf9f8
ff970d15
fdf9fcfb
033efeff
faf05713
76ecf4fe
58626355
09031357
4f8d0705
515c5462
fbf6ec71
f9f8f9fe
ffffffff
ffffffff
f5fffbfe
fff3f8fc
028ffcff
ffae0007
f3fbfff5
130390fd
f7fc8504
baf1fbfd
61555352
08075463
56500f04
5c54675e
f6fcf5b6
f9fcf9fd
fdfdfdfd
fdfdfdfd
fffaf8ff
f0fff5ff
0708a0f9
f6fe3501
fcfef9fa
01051fd8
f9ffa208
efeefcf9
61575780
030d5551
62518b05
73576059
f9fceae8
f9f7fef6
f9f9f9f9
f9f9f9f9
f6faf3fa
f8f7faf4
d3c8c8fa
faf5e8c7
fcfaf9fa
d1d3c6e0
fdf8efcf
e6fcfdf8
5d5754b9
0e63595d
5d5a6710
b35a5957
ecedebe3
edf0f1ee
edededed
edededed
edededed
edededed
ecececec
ecececec
ebebebeb
ebebebeb
f0f3f4f1
e4e9eaed
60527fcc
6e5d555f
5d5a588d
8e5f6557
94939190
94949595
92929292
92929292
92929292
92929292
92929292
92929292
91919191
91919191
91919191
90909091
5b5d6f9d
665c5a5f
5d574864
55535561
55555454
54545555
56565656
56565656
56565656
56565656
52525252
52525252
55555555
55555555
55545453
57575756
555e5a4d
55585c60
5e6a5879
5e616156
5e5e5f5f
5d5d5d5e
5d5d5d5d
5d5d5d5d
5d5d5d5d
5d5d5d5d
5d5d5d5d
5d5d5d5d
5c5c5c5c
5c5c5c5c
5d5d5d5d
5d5d5d5d
635d5d5d
5f655f64
5b604c81
58606053
5b5c5c5c
5c5b5b5b
5b5b5b5b
5b5b5b5b
5b5b5b5b
5b5b5b5b
5c5c5c5c
5c5c5c5c
5b5b5b5b
5b5b5b5b
5b5b5b5b
59595a5b
5a5e5a65
5a5a6254
5f5167b9
5a5e5967
5d5d5d5e
5e5e5e5d
5f5f5f5f
5f5f5f5f
5f5f5f5f
5f5f5f5f
5c5c5c5c
5c5c5c5c
5e5e5e5e
5e5e5e5e
5e5d5d5d
5e5e5e5e
58635c5a
7b4a6065
5160a7e3
64575350
58575757
58585858
56565656
56565656
56565656
56565656
55555555
55555555
53535353
53535353
54545353
55555555
57605b53
cc8f464f
89b6ed02
7475757e
77797978
77777777
77777777
77777777
77777777
77777777
7a7a7a7a
7a7a7a7a
79797979
79797979
75767777
78787977
7f717178
05cf9e80
00000000
00000000
00000000
00000000
00000000
00000000
00000000
00000000
00000000
00000000
00000000
00000000
00000000
00000000
00000000
00000000
00000000
00000000
00000000
00000000
00000000
00000000
4b452c09
4c4c4c4c
4c4c4c4c
5c5a4c4c
0000011c
00000000
00000000
00000000
00000000
00000000
00000000
00000000
00000000
00000000
00000000
4b331100
4c4c4c4c
4e4d4d4d
4d4d4d4e
4c4c4c4d
3d704e4c
00000002
00000000
00000000
00000000
00000000
00000000
00000000
00000000
00000000
25000000
4e4c4c4a
4c4c4d4f
4c4c4c4c
4c4c4c4c
4e4d4c4c
4c4c4d4f
00046756
00000000
00000000
00000000
00000000
00000000
00000000
00000000
00000000
4c491900
4c4d4e4e
4c4c4c4c
4c4c4c4c
4c4c4c4c
4c4c4c4c
4e4e4c4c
6e4f4c4c
00000002
00000000
00000000
00000000
00000000
00000000
00000000
08000000
4e4d4d46
4c4c4c4c
4c4c4c4c
4d4d4d4c
4c4d4d4d
4c4c4c4c
4c4c4c4c
4c4d4d4d
0000645b
00000000
00000000
00000000
00000000
00000000
00000000
4c170000
4c4c4d4e
4c4c4c4c
4e4f4d4c
4c4c4c4c
4c4c4c4c
4c4e4f4e
4c4c4c4c
4e4c4c4c
02844c4d
00000000
00000000
00000000
00000000
00000000
00000000
4d4e3700
4c4c4c4c
4e4d4c4c
4c4c4c4d
6664594d
535e6666
4c4c4c4c
4c4c4d4e
4c4c4c4c
644c4e4d
0000001a
00000000
00000000
00000000
00000000
00000000
4c4d4f47
4c4c4c4c
4c4c4d4d
ab926d4c
faf7eacf
def0f9fa
56829bbd
4d4d4c4c
4c4c4c4c
4c4e4c4c
00005d55
00000000
00000000
00000000
00000000
4a000000
4c4c4c4e
4d4c4c4c
9f594c4d
fefff6ce
ffffffff
ffffffff
e2fefefe
4c4c70b8
4c4c4d4d
4d4c4c4c
007e4f4c
00000000
00000000
00000000
00000000
4f4b0000
4c4c4c4c
4c4e4d4c
ffefac59
fcfcfefe
fefefdfd
fefdfefe
fefdfbfc
6eccf8ff
4c4d4c4c
4c4c4c4c
83524c4d
00000000
00000000
00000000
00000000
4c4f4900
4c4c4c4c
91514c4d
fdfeffef
fefefefc
fffefefe
fefeffff
fdfefefe
fffefdfc
4e4c5cbb
4c4c4c4c
584c4d4c
00000052
00000000
00000000
00000000
4c4c4e45
4d4c4c4c
ffc75b4c
fefdfdfe
fffffeff
ffffffff
ffffffff
feffffff
fefdfeff
4c87ecff
4c4c4c4e
4c4e4c4c
00001069
00000000
00000000
2a000000
4c4c4c4d
4c4e4c4c
fcffe874
fefefffd
ffffffff
ffffffff
ffffffff
ffffffff
fefffeff
a0fefefc
4c4c4e4c
4e4c4c4c
00008e4c
00000000
00000000
4c0a0000
4c4c4c4d
7b4c4e4c
fffcfff6
fffffefe
ffffffff
ffffffff
ffffffff
ffffffff
feffffff
fffbfdff
4c4d4cb1
4c4c4c4c
00b24c4e
00000000
00000000
4f4a0000
4c4c4c4c
f67d4c4e
fefffdff
fffffffe
ffffffff
ffffffff
ffffffff
ffffffff
ffffffff
fbfefffe
4e4cafff
4c4c4c4c
5b664c4d
00000000
00000000
4c4c3300
4d4c4c4c
fff2674c
fffefffd
ffffffff
ffffffff
ffffffff
ffffffff
ffffffff
ffffffff
fefffeff
4ca2fffd
4c4c4c4e
a14c4e4c
00000000
00000000
4c4e4c00
4c4c4c4c
fcfed650
fffffeff
ffffffff
ffffffff
ffffffff
ffffffff
ffffffff
fefefffe
fffffefe
83fdfdfe
4c4c4e4c
524c4c4c
000000b6
00000000
4c4c4c30
4c4e4c4c
fffbffae
fffefefe
fbfbfbfc
fefffefb
ffffffff
ffffffff
fefffeff
fcfbfbfc
fcfbfcfc
e9fffdfe
4c4d4c5e
4c4d4c4c
00000494
04000000
4c4c4e4c
724c4d4c
fefefefd
fdfffefe
fffefffe
ffffffff
ffffffff
feffffff
fefdfffe
fffffeff
fffeffff
fffbfcfe
4c4d4cb3
4c4d4c4c
0000a85c
3b000000
4c4c4d4c
d04f4c4c
fefffdff
fffcfffe
8c9088b0
fefff392
ffffffff
fefeffff
fffefcff
494e71cc
b9654a46
fdfcfffa
4e4c6efd
4e4c4c4c
0000a74c
4c000000
4c4c4c4e
ff7c4c4d
fefefefe
c9fffcff
0002000b
fdffe40c
ffffffff
fffeffff
3cd6fffc
00000003
03000000
faffaa1d
4d4ccbff
4e4c4c4c
004b7c4c
4c3f0000
4c4c4c4e
ffd34c4d
fffefefd
34edfffd
00030500
fdffe611
ffffffff
fcfffeff
0010c0ff
00000503
03030000
ff7a0000
4c68f5fe
4c4c4c4d
00d64f4c
4c380000
4d4c4c4d
fff6644c
fefefefe
0067fffc
00010003
fdffe50d
ffffffff
fffcfeff
040014d3
672b0002
00034473
91000303
4caffeff
4c4c4c4e
00b34c4f
4d4b0000
4e4c4c4c
fcffa94c
fbfffefe
0200a1ff
00010001
fdffe70d
ffffffff
fdfffefe
00040046
fff8aa11
37cffefe
0b000300
4cd1ffd1
4c4c4c4c
37994c4e
4f4c0000
4d4c4c4c
fcffc64c
fffcfffe
030012d6
00010001
fdffe50c
ffffffff
cdfffcff
08000200
fcfcffbc
ecfffcfb
0005002c
76fdff76
4c4c4d4c
c86b4c4d
4e4c0300
4c4d4c4c
fdffee5b
f8fefeff
0005003a
00001658
fdffe40c
ffffffff
61fffcfe
55000600
fefdf9ff
fff9fefe
00030092
95ffe814
4c4c4f4c
de514c4c
4e4c1000
4c4e4c4c
fefeff81
77fffbfe
36000600
000015d8
fdffe70d
ffffffff
24fffffe
c1000200
fefefcff
fffefeff
00001cef
a6ffd803
4c4c4e4c
d44c4c4c
4d4c3700
4c4f4c4c
fffbff94
00b0fffc
cc080003
00000ded
fdffe50c
ffffffff
16ebfffd
ea0a0000
fffffdff
fdfeffff
04002eff
c7ffa400
4c4c4d4c
ca4c4d4c
4c4c4c00
4c4f4c4c
fdfbff96
0011ddff
ff810003
000010e2
fdffe60e
ffffffff
00c8fffc
ed100001
fffffdff
fdfeffff
060041ff
e1ff7500
4c4d4c56
be4c4d4c
4c4c4e00
4c4e4c4c
fdfbff9e
06004aff
fffe4000
00000fe5
fdffe50d
ffffffff
00aafffb
f6220003
fffffeff
fcfeffff
06005dff
efff5300
4c4d4c5e
b44c4d4c
4c4c4f00
4c4e4c4c
fff8ffa6
00040084
ffffd40c
00000fe6
fdffe60d
ffffffff
00a7fffb
f8270003
fffffeff
fcfeffff
060061ff
f5ff5100
4c4d4c65
ab4c4d4c
4c4c5000
4c4e4c4c
b6fffea3
00030100
fff9ffa1
00000fe5
fdffe50c
fffefffe
00a5fffb
f8270004
fffffeff
fcfeffff
060061ff
f0ff5100
4c4d4c60
b14c4d4c
4c4c5200
4c4f4c4c
1be1ff96
5b000500
fffdfcff
00000fe6
fdffe40c
ffffffff
00aefffb
f41f0003
fffffeff
fcfeffff
060059ff
e9ff5400
4c4d4c5a
b84c4d4c
4d4c5800
4c4f4c4c
004fff95
e51f0004
fffdfdff
00000fe6
fdffe70d
fffefffd
03d1fffc
ec0d0000
fffffdff
fdfeffff
060040ff
d5ff7100
4c4c4c4d
c34c4d4c
4d4c5f00
4c4e4c4c
0004d993
2b0e0001
24232422
00000221
15282001
fefcff7d
1af0fffd
e5090000
fffefdff
fdfeffff
04002eff
b2ffa700
4c4c4e4c
d04c4d4c
4e4c4b00
4c4d4c4c
0025f66a
00010305
00000000
00000000
00030000
fefbff69
24fffffe
b1000300
fefffbff
fffdfefe
000018ea
95ffdc04
4c4c4f4c
d74c4c4c
4f4c1200
4c4c4c4c
0064dc4b
00000003
00000000
00000000
00030000
fefbff68
5bfffcfe
4a000600
fefdfaff
fff8fdfe
00040089
86fff11f
4c4c4e4c
ed5e4c4d
4f4c0500
4f4c4c4c
58dcbf4c
60606061
62606060
00000556
55645905
fefdffa0
cafffcfe
01000200
fefcffab
dbfffdfe
0005001d
59e4ff88
4c4c4d4c
f1864c4e
4c4f0200
4d4c4c4c
feff854c
fffffffe
fffdffff
000011e8
fdffe80e
fefffefe
fffefefe
00050054
fdeb960a
1eb4eeff
13000300
4cbcffd6
4c4c4c4e
9dae4c4f
4c770000
4c4c4c4d
fee44e4c
fcfcfcfb
fffbfcfc
000010e4
fbffe30d
fffefffd
fffdfeff
05001fdc
40170002
01001b42
a6000104
4c88feff
4c4c4c4d
18c64c4e
4c4a0000
4c4c4c4e
ffa14c4e
fefefefd
fffdfefe
00000fe5
fdffe60d
fffffffe
fcfffeff
0019cdff
00010301
01040000
ff970000
4c4ee1fe
4e4c4c4c
00fb6b4c
522e0000
4c4c4c4c
f45e4c4d
fffefeff
fffdffff
000011e5
fdffe40d
ffffffff
fffeffff
5fe1fffc
0000010e
07000000
fbffc02f
4e4c91ff
4e4c4c4c
00d6904c
6c000000
4c4c4d4c
944c4e4c
fefffcff
fffeffff
c5c5c9f9
fefff8c8
ffffffff
feffffff
fffdfcff
5b68a6f0
da8c685b
fffbfefe
4c4c53de
4c4c4c4c
002dd750
51000000
4c4c4d4c
534c4c4c
fffdffd3
fffffffe
ffffffff
ffffffff
ffffffff
ffffffff
fdfdfffe
fffffeff
fffeffff
fffdfcfe
4c4e4c7d
4c4d4c4c
0000fc75
00000000
4c4d4c65
4c4d4c4c
fdfff271
fffefeff
fcfcfcfe
fefffefc
ffffffff
ffffffff
fefffeff
fbfbfcfd
fdfbfbfb
b2fffbfe
4c4c4d4c
4c4d4c4c
000060cd
00000000
4c4e4c72
4e4c4c4c
fcff9c4c
fffefffe
fefefeff
fffffffe
ffffffff
ffffffff
ffffffff
fefefffe
fffefefe
4ed0fffb
4c4c4c4c
774c4d4c
000000fa
00000000
4d4c7700
4c4c4c4c
ffb44c4d
fefffefc
ffffffff
ffffffff
ffffffff
ffffffff
ffffffff
ffffffff
fcfffefe
4c5be3ff
4c4c4c4d
d54c4d4c
00000050
00000000
4c513600
4c4c4c4c
b94e4c4c
fffdfbff
fffffffe
ffffffff
ffffffff
ffffffff
ffffffff
feffffff
fffcfeff
4d4c65e6
4c4c4c4c
f7934c4e
00000000
00000000
4c8d0000
4c4c4c4f
4c4d4c4c
fcfdffae
fffefeff
ffffffff
ffffffff
ffffffff
ffffffff
fffeffff
ddfffbfe
4c4e4c62
4d4c4c4c
07f2674c
00000000
00000000
76020000
4c4c4e4c
4e4d4c4c
fff0964c
fefefefc
fffffffe
ffffffff
ffffffff
feffffff
fcfefffe
54c3fffd
4c4c4d4c
4d4c4c4c
0072cd4c
00000000
00000000
15000000
4c4d4c61
4c4c4c4c
c76c4c4e
fdfdfefd
fefefffe
ffffffff
ffffffff
fefffeff
fffefdfd
4d469af0
4c4c4c4d
4c4e4c4c
0000f4aa
00000000
00000000
00000000
4d4c535b
4c4c4c4c
544c4d4c
fefed985
fdfcfcfe
fefffefe
fefeffff
fdfbfdfe
b7fcfffe
4d4e4b46
4c4c4c4c
9a4c4f4c
000002fe
00000000
00000000
00000000
4c529800
4c4c4c4d
4d4d4c4c
de83564c
fffefff9
fbfbfcfe
fdfbfbfb
fefefefe
4966b9ec
4c4c4d4c
4c4c4c4c
ff934c4f
00000004
00000000
00000000
00000000
549e0000
4c4c4e4c
4c4c4c4c
4c4c4c4e
edccb472
fffefeff
fffeffff
90bedafa
4d4c4b54
4c4c4c4e
4d4d4c4c
02ff934c
00000000
00000000
00000000
00000000
9c000000
4d4f4c60
4c4c4c4c
4c4d4d4c
5f4c4c4c
9d96917e
86959ca0
4c4c506f
4c4d4d4c
4c4c4c4c
4c4d4d4c
0001fe9b
00000000
00000000
00000000
00000000
00000000
4e4c7977
4c4c4c4e
4c4c4c4c
4c4d4f4e
4c4c4c4c
4c4c4c4c
4e4e4c4c
4c4c4c4c
4d4c4c4c
bd554c4e
000003fe
00000000
00000000
00000000
00000000
00000000
56a52600
4c4e4e4c
4c4c4c4c
4d4c4c4c
4f4f4f4e
4e4f4f4e
4c4c4c4e
4c4c4c4c
4d4e4c4c
bbe5774c
00000000
00000000
00000000
00000000
00000000
00000000
b8000000
4d4c4c76
4c4c4d4d
4c4c4c4c
4c4c4c4c
4c4c4c4c
4c4c4c4c
4d4c4c4c
5c4c4d4d
0025faaf
00000000
00000000
00000000
00000000
00000000
00000000
00000000
4c6ac132
4e4e4c4c
4c4c4c4d
4c4c4c4c
4c4c4c4c
4c4c4c4c
4c4c4e4d
eaa3534c
000000d5
00000000
00000000
00000000
00000000
00000000
00000000
00000000
cb7f0000
4c4c567c
4e4f4d4c
4c4d4d4d
4d4d4d4c
4c4e4f4e
644f4c4c
09e5eba9
00000000
00000000
00000000
00000000
00000000
00000000
00000000
00000000
00000000
7ea4e445
4c4c4c5e
4c4c4c4c
4c4c4c4c
504c4c4c
fbd09173
0000069b
00000000
00000000
00000000
00000000
00000000
00000000
00000000
00000000
00000000
b3010000
98adc5e8
565d6b7e
72625b56
dcb9a58d
0037bdfb
00000000
00000000
00000000
00000000
00000000
00000000
00000000
00000000
00000000
00000000
00000000
7c290000
e4eae3a4
dfeeeae4
00205e97
00000000
00000000
00000000
00000000
00000000
00000000
01010202
01020302
02010503
02010304
02030102
04020101
0d060602
6a6a2113
8373666c
080d146e
06030204
04030103
01000702
05020003
03020100
02010201
01010002
01010101
01010008
01000201
01020804
0a080703
6b573f22
5d6c6064
62616863
676a5764
060a1661
04020005
03040006
01010302
00010202
01010101
02020101
01030200
02030201
01010303
07020204
65602f0b
636c6962
6b626462
68636b65
60696c66
6d60625a
0602070e
08040706
01040100
02010202
01010200
01010101
02020101
01010602
02030001
4d0f0907
626e6155
64696665
635d6968
675d6368
6a646a63
59616e66
091a6f56
00010104
02010202
01000103
01010001
01010103
01010101
09010309
01080404
735f4815
636a706f
69636367
6b6f706e
6f716b67
62616a68
68716964
6b635e70
0405030f
01040405
01010001
04010201
03010103
02010103
010a0101
3d0a0702
6263735d
6b606060
62626a70
555f585b
5a5f5b59
736c645b
5e655f68
705a6f6c
02048f59
04050602
02020102
02010101
02010102
03000304
09000605
66570b02
68646667
626a6e6a
87746354
c0bba896
99a8bac3
535f7286
696e6564
64725e60
0d764c64
06030202
02010105
02010302
01010001
01000102
06040303
6a63612c
64696762
7e5e5862
ede3ccb1
f7f3f6f3
f1eff8f5
b0cee6ec
6256667a
6663696a
635c676e
0401041d
02010306
02010303
01020304
02010502
4f0a0202
68636a71
606a6868
eed39060
f8f7f4f1
fdfdfbfa
fbfcfdfd
f5f8f9fa
6392d2ef
66666861
6e666665
03039358
03010703
04000104
03000b04
02000308
6c4f0705
5f6e6b56
8f5d626c
f5f1f9e0
fdfdfcfb
fcfdfdfd
fdfcfdfd
fbfbfcfc
ddf5f1f9
68636292
5f676e5d
028f5466
01060002
00010901
01060101
07040201
6a6c470a
6f6a6d65
f2c87d56
f7fcfbf8
fefefefc
fcfcfdfe
fefdfdfd
fefdfefd
fbfbfbf5
5b7ec5f2
5b6e726c
964d6a6f
03000406
02040106
05010206
0a020309
6a626f53
5d5f5b6a
f6f6e09f
fdeff8fd
fefdfcfc
fcfcfdfe
fdfdfdfc
fbfafbfb
fbf4edfe
9fdff7f7
6d665262
5d676c5e
01020c65
04010402
03010304
4d090203
6363626c
b8666869
f4f4f6f6
fafefdfb
fdfdfbfb
fdfdfdfd
fafcfdfe
fbfbfbfa
fbfefdfb
f6f8f7f5
706567b9
656a665d
02015f5f
03030402
05040104
5a180705
65706767
efd15e63
fefdf8f1
fef9f7fc
fefefefd
fdfdfdfe
fbfcfdfe
fdfefefd
fdfbfafd
f4f8fafd
635ecbee
64676c68
05096861
02030401
03020101
68610b04
65666269
fef0ca60
f4f6fefe
fafcfdfd
fefffffe
fdfdfdfd
fefefefd
fefefefe
fefefcfd
fafdfbf7
66cfecfb
6866675d
07935273
03020103
01050104
68675305
57726967
fbf6f3b9
fcfdfbfd
fcfbfafa
fcfdfdfe
fefdfdfd
fcfbfcfc
fcfdfefd
fbfbfdfe
f8f7fdfd
b1f3fcfd
69646d67
b55d6269
01050604
05050506
63656a1b
9b5d7167
f9fcfcf1
ffffffff
ffffffff
fcfffbff
fefffeff
f9fdfdff
fffff7fd
feffffff
feffffff
f6fdf6fc
656d6596
6e656a60
05030346
08060105
6566695b
ea735b6b
fcf9fdf5
fdfdfdfc
fffffefd
fdfdfcff
f9fefef5
fcfffffc
fcfaffff
f9fffef6
fefefbf6
f4fef7f6
645f7fe8
59685e70
020707ae
18010203
66696257
f5cc5d6a
f4fef8f8
ffffffff
ffffffff
fffefffd
fdfffff6
fdfff9fb
fff6faf6
fffefeff
fcffffff
fbf9fcfe
6e66cceb
5a686068
09014e77
63060101
6a5f6d6c
f4ef9655
fafbf5fd
fafafbfb
f7f8f9fa
f5fbfff6
fdf5f8ff
f9f3fffd
fefff4ff
9ba3c8f1
ffdfbba6
f7f9f9f8
5b98f3f8
696a636b
0404ba60
580d0306
6c606567
fef2db64
2b3352f0
3a393838
36383a3a
5a302f37
fefffff6
f9fff0ff
5acafff7
0a030d22
39200e0e
f8fcfd98
63deecfc
6a5e6864
0618865f
62440603
576b6a66
fbfaf095
0d1119f3
08060606
090a0b0a
380d0a0c
fdf8f6fa
fffdf4fd
0b1088f8
1714161b
16111116
fedd480d
98f2fafa
63636b5e
04dd5867
745f0704
63616364
fbfcf8cd
14101dcd
1b1b1d1f
1d1e1e1c
40121717
fffeffff
fffff8ff
16150171
1e17110e
0d121b20
ee440616
d2fbf9f8
6a6c5a63
04a6646c
59600a05
7c5f6c64
fcedfaec
1c1010b6
0104090d
01020201
34000706
fbf9fff3
a2fbfdfd
1120120c
0e0c0b0d
1b0d050a
6a051b16
eef9fbf9
60686479
11875966
64640f02
b4526e65
fdfafbf1
16190797
808d5612
9087828b
9d7c8188
fffbfffd
20f0fffb
0d171616
dfcf7f12
033591d2
0b191717
f7f5fdbd
636e59ae
68666961
66692204
cc636b66
fcfbfcf5
1319067d
fffab606
effffdf9
fefffffa
fdfefefe
089ffcfd
2c041d15
faf1fbce
5beafffe
09111b05
f7f8fc68
6a6a60cf
b16e6667
65694306
e3776365
fdfcfef8
111b085b
f7f4e612
fdfee8dd
f3f5eff9
fff9fffc
0553fffd
85051d15
fef4fdfb
d5fff9f9
0b111822
f7fce11d
646674e8
ad5c6563
66685e09
ee875a66
fdfefcf9
0f1a0c3d
35639a27
68211c18
fcfeffb3
fff4fff5
1227f5fd
e1221414
f8fbf8f9
ffecfbff
0f190a74
f7fea90b
656084ed
8e5b6f66
67666a0d
f196576a
f6fef9f9
0f170e2a
0d0a0619
09062307
ffe44d16
f8fefdff
1609d0ff
ff440914
f7f8ffff
f6ffffff
141a02b9
f7ff730a
6e5a92ef
84646766
66606410
f5aa5a6c
e2fef9fb
1217111e
1b151e16
121d1b1d
ec30050c
f5fcfdf2
1902acff
fc5e0418
fff8fff6
ffffeefd
1a160bd4
f8fd5502
6d5aa9f4
71675e61
64616014
f8ba5c6a
c3fffbfb
15171012
0b001915
16190008
4c08131e
fdfcfbfe
1c069aff
fd6e041b
fefdfdfd
f6f4feff
1b121ae1
fcfc3f04
665dbbf5
686e6868
676a6820
f7c05a68
a8fafbfa
13150b05
b26c140b
0c1b85b2
01171814
fcfcfaa6
150290fe
fe730819
fffefbfe
fffffffb
181121f0
fdf92b12
625ec2f6
6b65636a
65686658
f4c55864
bdfaf9fa
1a1f3b59
fdfbc519
33defffc
0f15130d
f6fffd46
16028dfb
fe6b0c17
fffffef7
fafefdfe
170828f0
f9fa2e09
6859bdfc
66696767
675e7069
fab7576d
fef6faf4
c1f0fdf9
fdfafccd
c1fbfdfe
0f121615
faffeb21
140b98ff
ff68031c
fdfefefe
fffffefd
220d2af3
fdf12a04
695fb8f7
6b656163
69695b17
f1ac5f69
fefaf9fc
fefbfbfc
faf9fdff
fbf7f9fd
1115112e
fefccc0a
0f06aeff
fe54021b
fcfffbfb
fefdfffc
1a141de8
fcfa3406
695faaf1
75656365
66686712
f5965a66
f5fdf8f5
f5fbfdfc
fcfefff3
fdffffff
151a0941
fffcb90d
130ad5fb
fc340e16
fcfffdfd
fbfcfefc
101709d5
f7ff470f
675a96f0
7f63666a
695c5c0e
f07e5e6e
f9f9fef8
d2fcf5fe
f5fffaf0
f7f5fff7
14190d2f
fffec70c
1129f7fa
d9141a15
fffcfeff
fdfefdff
171603a7
f6fd6809
655b87ee
90606369
656d630a
e7746260
f7fdf6f6
024177b3
fffdf59f
c0fff8ff
0f14190c
fdfee914
035bfbff
7d001d14
f9f4fffc
f9fff7fb
19130b4f
f8f8a602
666477e2
a9666366
65624a07
cd626b67
a9f8faf9
1a0e0605
f3f5e21f
4afffff4
09141907
fffcfc4b
0dadf5ff
27071a0e
fffffac2
b3f2fdff
0c161411
f7fce526
676b64cb
b36a6765
66664304
b2556f67
e6fffbef
15151628
e3a8270d
0d46cef3
05190f1c
fffafc8f
31fffafc
0a1c1608
ffecaa20
0395e2ff
061b180f
f3f9fd64
646b55b4
a8656864
5b613401
7c62656b
fdf3fcec
1912069c
18080918
150e111c
3310151a
fffcfcec
b4fcfffd
1d141112
46260e0d
0d081d41
22111817
ebf8fbd9
66685d7b
64826062
6a5a0c04
5d626c63
fbfcf3cd
150763f5
14171714
16161412
b5090419
fcfcfffc
fff7f6ff
15180880
0f101317
18100b0c
af08091c
cefaf3f9
65656263
07af5a6e
6d650905
5d646665
f7f4f59a
077bfafe
1b110f15
1514181e
ffa22b07
fff7fffa
f9fff4ff
070c91f9
171a1814
16191a17
f5be2105
94ecfbf9
676d5f5f
02dd6364
59500706
6c656170
effdd75a
c1f4fafa
01031f44
2b100002
fdf7de67
fffff7f9
fdfffbf9
5ad0fff1
03030b16
190f0705
fdfcd461
69d7f8fa
67606967
04ec7c63
5b140404
6764676b
fcf19b5d
fcf4f9fb
7da1d8ff
f0c59277
ffffffff
fdfeffee
fdf6fffb
fbfbffff
7a8bb6e1
e4bb917d
faf9fefb
5f9feff3
666b6268
0722ba62
7a050001
6565685a
f0c95f6b
f7fefdef
fffefcfa
fafcfeff
fffdeeff
fbfef5ff
fefffdfe
f9faf7f8
fff9f9ff
fffcfeff
f8f8fafd
6662d1f0
5d676265
0201ef70
5a050402
6b67655b
e9795b6a
fdf1fdf9
faf7fcff
fbfbfcfe
fffffaf7
f5fffcf6
fafffbfc
fffdffff
f7f8fcff
fefdfbf8
f3fef9f8
616d78e2
526a6b68
01026cb3
07060404
64666a6b
a25d656a
f7fef6ed
fffffdf9
ffffffff
f8fefcff
fffaffff
fffbfeff
f7fffcfb
feffffff
fcfeffff
f0fef9fe
6d6063a2
6f656664
040202e4
02050602
66645455
5e6e6569
f9faf0b5
fdfffafb
fefefcfb
fcfefefe
fdfcfcfc
fdfdfcfb
fdfefefe
fdfdfdfd
fefafcfe
adf6fbfd
6b646e64
c4596368
05030164
01010004
76579205
5e6d6865
fce9ce62
f3f6fefe
fafcfefe
fefefdfd
fefefeff
fefefdfd
fdfdfdfd
fbfcfcfe
f9fefdf7
62c7ebfd
66616e5f
e48d5479
01050005
00090301
576f0901
66686166
f1ce6664
fbfcf8f2
fdf9f6fa
fefffdfc
fdfdfcfc
fffefcfc
fefefefe
fefdfafb
f8f7f7fc
5670ceee
67686965
03e06d5a
04010402
02030304
5c360201
61686c6d
b4645d6d
f5f5f7f7
f9fefefc
fbfcfcfc
fdfefdfb
fdfdfefe
fefdfdfd
fbfcfdfe
f1f8fbfa
6c576abd
676f616b
0b42c65a
030a0002
03060202
a3020407
6b5c6a58
67576966
f7f6dfa0
fdeef7fe
fcfbfbfd
fcfcfcfd
fbfbfcfc
fdfcfafa
fefaeffc
a2dff3f5
75665160
586b6263
0302ddab
04010103
05010104
04090201
6a6a51a2
61796567
f3c87f5a
f8fbf9f8
fefefefd
fcfcfcfd
fbfcfcfb
fbfdfefd
f6f8faf8
587ec8f0
5a6e7270
a6476e69
010601e4
02010701
04040201
04030102
6e569706
646a6a57
8e5c626d
f6f2f7de
fdfcfbfb
fcfcfdfd
fefdfdfd
fafbfdfe
ddf6f1f7
6a625e8f
5c66665e
e89e526e
05010108
03020101
05030602
03050306
4ea10504
69616870
636a6664
f0d39263
f8f8f7f5
fcfcfaf9
fbfbfbfa
f2f5f8fa
6592d1ed
63666c65
6b6c6467
04ea9d54
01010102
00010201
03040102
03030201
9e040402
6b645c67
6c5f6867
7b645c61
eae5ccb3
f3f2f6ee
f1f2f3f3
afcce5ef
67596777
666a6666
615a686c
0204e9ad
02010101
01010102
00010101
02020101
04050103
5b5e76bd
61636164
6163636c
8a7a6053
c8b9ad99
96abbcc3
54647786
6e626464
65636063
ce716359
040602d8
04040104
01020200
02030004
01030402
04010103
609ca604
626d7662
6e6f6566
5c626570
55565a58
5b5a5855
6e6a635d
60646968
6a6a726b
45e0965b
06020102
03040104
01020200
01030203
01020302
01020501
b7080105
6961556e
615f6b65
68666366
6971726b
6e6f6d6b
64626268
68686663
7159586a
0104e9ba
01000105
00000101
02010001
01010002
02000100
000a0005
09030306
5d79b0a1
6970665d
6b6a6765
61626267
66636162
6a676667
65637264
e9b27c5c
00020439
04030101
01030201
04000202
01040104
02000403
05000003
01020200
ba310203
5f5e6185
6761696c
6c66646c
6767696d
67686969
7d69575a
030ccfbd
04050001
06030103
01030102
03000302
01010100
01010303
00050301
03080302
04020105
80afb60a
5b5e6b60
63616265
5d5e6062
60626360
7ed4b486
02010405
04010206
02010b03
00010202
01010101
04040006
02030101
06020303
04020103
05030205
10020405
8faebb95
676d7480
81756d67
beb8a893
04040279
03060002
02010705
01020207
01050502
03010403
00000000
00000000
00000000
00000000
00000000
00000000
00000000
0d000000
0000c36d
00000000
00000000
00000000
00000000
00000000
00000000
00000000
00000000
00000000
00000000
00000000
00000000
00000000
00000000
4b000000
003f4f4c
00000000
00000000
00000000
00000000
00000000
00000000
00000000
00000000
00000000
00000000
00000000
00000000
00000000
00000000
4f4a0000
03944c4f
00000000
00000000
00000000
00000000
00000000
00000000
00000000
00000000
00000000
00000000
00000000
00000000
00000000
00000000
4d4c1900
a3574c4d
00000000
00000000
00000000
00000000
00000000
00000000
00000000
00000000
00000000
00000000
00000000
00000000
00000000
00000000
4c4e4100
9a4c4e4c
00000000
00000000
00000000
00000000
00000000
00000000
00000000
00000000
00000000
00000000
00000000
00000000
00000000
00000000
4c4d4c10
574c4c4c
0000008e
00000000
00000000
00000000
00000000
00000000
00000000
00000000
00000000
00000000
00000000
00000000
00000000
00000000
4c4c4d42
4c4e4c4c
000000a4
00000000
00000000
00000000
00000000
00000000
00000000
00000000
00000000
00000000
00000000
00000000
00000000
0e000000
4c4c4d4c
4c4d4c4c
00004d62
00000000
00000000
00000000
00000000
00000000
00000000
00000000
00000000
00000000
00000000
00000000
00000000
40000000
4c4c4c4e
4e4c4c4c
0000ab4c
00000000
00000000
00000000
00000000
00000000
00000000
00000000
00000000
00000000
00000000
00000000
00000000
4c060000
4c4c4c4e
4d4c4c4c
007e624c
00000000
00000000
00000000
00000000
00000000
00000000
00000000
00000000
00000000
00000000
00000000
00000000
4d3c0000
4d4c4c4c
4c4c4c4d
00b54c4e
00000000
00000000
00000000
00000000
00000000
00000000
00000000
00000000
00000000
00000000
00000000
00000000
4e4c0200
4c4c4c4c
4c4c4c4c
476e4c4d
00000000
00000000
00000000
00000000
00000000
00000000
00000000
00000000
00000000
00000000
00000000
00000000
4c4d3200
604c4d4c
4c4c4c71
c34c4e4c
00000000
00000000
00000000
00000000
00000000
00000000
00000000
00000000
00000000
00000000
00000000
00000000
4c4e4c00
de514c4c
4d4c58f3
704c4d4c
00000028
00000000
00000000
00000000
00000000
00000000
00000000
00000000
00000000
00000000
00000000
00000000
4c4c4c2a
ff964c4e
4e4c8fff
4c4d4c4c
000000c3
00000000
00000000
00000000
00000000
00000000
00000000
00000000
00000000
00000000
00000000
00000000
4c4c4e4c
ffdb524c
4c5de9ff
4c4e4c4d
0000167b
00000000
00000000
00000000
00000000
00000000
00000000
00000000
00000000
00000000
00000000
2f000000
4e4c4c4c
fdff864c
4c9afffc
4d4c4c4e
0000cd4c
00000000
00000000
00000000
00000000
00000000
00000000
00000000
00000000
00000000
00000000
4c000000
4c4c4c4e
fdffdd4d
52e5fffe
4e4c4c4c
0010814c
00000000
00000000
00000000
00000000
00000000
00000000
00000000
00000000
00000000
00000000
4c260000
4c4e4c4c
f9fefe85
94fffcfb
4c4c4e4c
00cf504c
00000000
00000000
00000000
00000000
00000000
00000000
00000000
00000000
00000000
00000000
4e4c0000
4c4c4c4c
fefdffcd
dcfffdfd
4c4c4c53
068b4c4e
00000000
00000000
00000000
00000000
00000000
00000000
00000000
00000000
00000000
00000000
4c4c1d00
764c4e4c
fcfefeff
fffdfefc
4c4e4c87
c74d4c4c
00000000
00000000
00000000
00000000
00000000
00000000
00000000
00000000
00000000
00000000
4c4d4b00
cd4c4e4c
fdfcfcff
fffcfdfc
4c4c4cda
924c4e4c
00000000
00000000
00000000
00000000
00000000
00000000
00000000
00000000
00000000
00000000
4c4d4c25
fd764c4e
8ffffafe
f4dffd64
4e4c84ff
574c4d4c
00000092
00000000
00000000
00000000
00000000
00000000
00000000
00000000
00000000
00000000
4c4c4e48
ffbe4c4e
0086fcf9
e0f25100
4c4ccefe
4c4e4c4c
000000a1
00000000
00000000
00000000
00000000
00000000
00000000
00000000
00000000
1b000000
4d4c4d4c
fffa694c
030077ff
e7370005
4c78fef9
4c4c4c4e
00008855
00000000
00000000
00000000
00000000
00000000
00000000
00000000
00000000
46000000
4e4c4c4e
fffeb94c
0004006f
32000400
4cc8fff1
4e4c4c4e
0000a24c
00000000
00000000
00000000
00000000
00000000
00000000
00000000
00000000
4c0a0000
4c4d4c4e
fafff469
0002002b
00020000
76fbffd1
4d4c4e4c
006f614c
00000000
00000000
00000000
00000000
00000000
00000000
00000000
00000000
4e400000
4c4d4c4c
fefcffad
00020034
00000000
bffeffd2
4c4c4e4c
00b04c4e
00000000
00000000
00000000
00000000
00000000
00000000
00000000
00000000
4d4c0600
604c4d4c
fdfefdf4
00020031
00000000
fafdffd0
4c4d4c68
50634c4d
00000000
00000000
00000000
00000000
00000000
00000000
00000000
00000000
4c4d3d00
a84c4e4c
fdfffbff
00020031
00000000
fffaffd1
4c4e4cb5
b54c4d4c
00000000
00000000
00000000
00000000
00000000
00000000
00000000
00000000
4c4d4c04
ea5e4c4d
fdfffde7
00020031
00020000
fffaffa1
4d4c69f6
6d4c4e4c
00000034
00000000
00000000
00000000
00000000
00000000
00000000
00000000
4c4c4e39
fe9a4c4e
fdfffefc
00020031
00010000
faffd713
4e4cadff
4c4e4c4c
000000bd
00000000
00000000
00000000
00000000
00000000
00000000
02000000
4c4c4e4c
dae8544c
fdfffefe
00020031
02000000
fef93b00
4c5df3ff
4c4d4c4d
00002671
00000000
00000000
00000000
00000000
00000000
00000000
30000000
4e4c4c4c
f4ff984c
fdfffefe
00020031
00000000
ff6a0003
4ca4fff8
4d4c4c4f
0000c34c
00000000
00000000
00000000
00000000
00000000
00000000
4c000000
4c4c4c4e
fddcdf53
fdfffefe
00020031
00000000
a0000300
5dedfeff
4e4c4d4c
001a7e4c
00000000
00000000
00000000
00000000
00000000
00000000
4c220000
4c4d4c4c
fefbff8b
fdfffefe
00020031
00000000
08000001
9afeffcb
4c4c4e4c
00c64c4e
00000000
00000000
00000000
00000000
00000000
00000000
4e4c0000
4c4c4c4c
fefdf4da
fdfffeff
00020031
00000000
00020100
e6ffed2d
4c4c4c54
157e4c4e
00000000
00000000
00000000
00000000
00000000
00000000
4c4c2700
894c4e4c
fefefeff
fdfffeff
00020031
06000000
0301002f
feff5d00
4c4e4c96
cd4d4c4c
00000000
00000000
00000000
00000000
00000000
00000000
4c4e4b00
d14c4c4c
fffefdf1
fdfffeff
00020031
00000000
01002abb
ff910003
4c4c52dc
8e4c4e4c
00000006
00000000
00000000
00000000
00000000
00000000
4c4c4c1a
ff7a4c4d
fffefefb
fdfffeff
00020031
00000000
0000c6db
c9070001
4d4c88ff
4e4c4c4c
000000b3
00000000
00000000
00000000
00000000
00000000
4c4c4e48
fac94c4d
fffffefd
fdfffeff
00020031
00000000
0087ffce
2d000203
4c4cdbfa
4c4d4c4c
00000290
00000000
00000000
00000000
00000000
15000000
4e4c4d4c
f4ff784c
fffffefe
fdfffeff
00020031
00000000
57ffffd1
00030300
4c88ff56
4c4d4c4e
0000b256
00000000
00000000
00000000
00000000
44000000
4d4c4c4f
fcffc14c
fffffffe
fdfffeff
00020031
00000000
f1fdffd1
0006002b
4cd2fe41
4e4c4c4c
00009d4c
00000000
00000000
00000000
00000000
4c130000
4c4d4c4d
fefdfd6c
fffffffe
fdfffeff
00020031
00000000
fff9ffd1
36000ac6
7bfeffee
4d4c4d4c
0090594c
00000000
00000000
00000000
00000000
4e440000
4c4e4c4c
fefcffbb
ffffffff
fdfffeff
00020031
00000000
fbfcffd1
e51b8bff
c5fffaff
4c4c4e4c
00a14c4e
00000000
00000000
00000000
00000000
4e4c1200
694c4d4c
fefefff7
ffffffff
fdfffeff
00020031
00000000
fefcffd1
ffe7f5ff
fffdfefc
4c4e4c77
6f634c4d
00000000
00000000
00000000
00000000
4c4e4000
b04c4e4c
fffffcff
ffffffff
fdfffeff
00020031
00000000
fffcffd1
fdfefdfe
fffdfeff
4c4d4cc1
aa4c4e4c
00000000
00000000
00000000
00000000
4c4d4c0c
f35e4c4d
fffefeff
ffffffff
fdfffeff
02020031
00000102
fefcffd1
fffdfeff
fffefefe
4e4c6dfa
624c4d4c
00000063
00000000
00000000
00000000
4c4c4d41
ffac4c4e
fffffefc
ffffffff
fdfffeff
05030031
00020008
fffcffd1
ffffffff
fcfeffff
4e4cbaff
4c4e4c4c
000000b2
00000000
00000000
04000000
4d4c4e4c
ffee5e4c
fffffefd
ffffffff
fdfffeff
81000032
00000ab1
fffcffd1
ffffffff
fefeffff
4c68faff
4c4e4c4d
00003270
00000000
00000000
35000000
4e4c4c4d
fcff9f4c
fffffefe
ffffffff
fefffeff
ff870033
0014c7ff
fffcffd3
ffffffff
feffffff
4cb1fffd
4d4c4c4e
0000be4c
00000000
00000000
4c040000
4c4c4c4e
feffe753
fffffffe
ffffffff
fcfffeff
faff952d
17cefffa
fffcffcd
ffffffff
feffffff
5ef1fffd
4d4c4d4c
00296e4c
00000000
00000000
4c370000
4c4e4c4c
fefcff9b
fefefefe
fefefefe
f4fffefe
fefcffd1
d6fffafe
fefdffe4
fefefefe
fefefefe
aafffbfe
4c4c4e4c
00c34c4d
00000000
00000000
4e4c0000
534c4c4c
fefdffe1
fefefefe
fefefefe
fefefefe
fefefcfe
fefcfefe
fefefefe
fefefefe
fefefefe
f2fffefe
4c4d4c5f
177c4c4e
00000000
00000000
4c4c2c00
564c4d4c
fffeffe9
ffffffff
ffffffff
ffffffff
fffffffe
feffffff
ffffffff
ffffffff
ffffffff
fefffeff
4c4e4c68
cd4c4d4c
00000000
00000000
4c4e4c00
4c4c4c4c
74747762
74747474
74747474
74747474
74747474
74747474
74747474
74747474
74747474
67767474
4c4c4c4c
7e4c4e4c
00000016
00000000
4c4d4c28
4c4c4c4c
4c4c4c4c
4c4c4c4c
4c4c4c4c
4c4c4c4c
4c4c4c4c
4c4c4c4c
4c4c4c4c
4c4c4c4c
4c4c4c4c
4c4c4c4c
4c4c4c4c
4f4c4c4c
000000cf
00000000
4c4c4e4c
4c4c4c4c
4e4e4e4d
4e4e4e4e
4e4e4e4e
4e4e4e4e
4e4e4e4e
4e4e4e4e
4e4e4e4e
4e4e4e4e
4e4e4e4e
4d4e4e4e
4c4c4c4c
4c4e4c4c
00000d8a
25000000
4c4c4c4c
4c4c4c4c
4c4c4c4c
4c4c4c4c
4c4c4c4c
4c4c4c4c
4c4c4c4c
4c4c4c4c
4c4c4c4c
4c4c4c4c
4c4c4c4c
4c4c4c4c
4c4c4c4c
4c4c4c4c
0000d54f
47000000
4c4c4c4c
4c4c4c4c
4c4c4c4c
4c4c4c4c
4c4c4c4c
4c4c4c4c
4c4c4c4c
4c4c4c4c
4c4c4c4c
4c4c4c4c
4c4c4c4c
4c4c4c4c
4c4c4c4c
4d4c4c4c
0000d14c
57000000
4f4f4f4c
4f4f4f4f
4f4f4f4f
4f4f4f4f
4f4f4f4f
4f4f4f4f
4f4f4f4f
4f4f4f4f
4f4f4f4f
4f4f4f4f
4f4f4f4f
4f4f4f4f
4f4f4f4f
4c4f4f4f
0000e14c
62000000
4c4c4d4c
4c4c4c4c
4c4c4c4c
4c4c4c4c
4c4c4c4c
4c4c4c4c
4c4c4c4c
4c4c4c4c
4c4c4c4c
4c4c4c4c
4c4c4c4c
4c4c4c4c
4c4c4c4c
4c4e4c4c
0000fa94
00000000
b4b3bace
b4b4b4b4
b4b4b4b4
b4b4b4b4
b4b4b4b4
b4b4b4b4
b4b4b4b4
b4b4b4b4
b4b4b4b4
b4b4b4b4
b4b4b4b4
b4b4b4b4
b4b4b4b4
dbb5b4b4
000003f8
00000000
0b0d0000
0f0f0d0b
1312100e
0e121516
0908080a
0c0c0a09
0c0b0a0a
0b0c0c0c
0c0b0b0b
100f0f0d
0f101010
0b0e0f10
08080a09
00080505
00000000
00000000
00000000
00000000
00000000
00000000
00000000
5e1e0d01
67676766
65666967
091e6e67
00000002
00000000
00000000
00000000
00000000
00000000
00000000
00000000
00000000
00000000
00000000
281c0600
69686248
69696869
68696a6a
5b626668
152e384c
00000000
00000000
00000000
00000000
00000000
00000000
00000000
00000000
00000000
13000000
6a676142
6a6a6a6a
69696969
69696969
6a6a6a69
695f6266
0005477b
00000000
00000000
00000000
00000000
00000000
00000000
00000000
00000000
65521300
696a6b6b
68686869
69696968
69686869
69696969
676c6b69
888a6661
0000003e
00000000
00000000
00000000
00000000
00000000
00000000
0b000000
6a6a6756
69696a69
69686969
69696969
69696969
68696969
69696969
6b616a6b
00005b9c
00000000
00000000
00000000
00000000
00000000
00000000
612f0000
69696a6a
69696969
6b6a6a69
6667686a
6a696866
69696a6b
69696969
696b6969
059c865d
00000000
00000000
00000000
00000000
00000000
00000000
69685801
68686968
6a6a6968
60606369
726c6863
62656b71
6b665f5e
6968696b
6a696969
af68646c
00000032
00000000
00000000
00000000
00000000
03000000
68686a61
68686969
5f64696a
c6aa8565
efeae0d5
cfdbe7ef
5f7296ba
696b6860
69686968
61686b69
00003aa1
00000000
00000000
00000000
00000000
650c0000
6968686b
6b6a6869
aa7c6163
fefefade
ffffffff
feffffff
c1f0fefe
695f6b8e
6968696b
6a6a6869
00209d5d
00000000
00000000
00000000
00000000
6a670800
69696968
5c676b69
fff9ca81
fcfbfdfe
fdfdfdfc
fdfdfdfd
fefefcfc
669fe9fe
68696b61
69686969
369c5f6b
00000000
00000000
00000000
00000000
686a6604
69696a69
be71606b
fcfdfff5
fefefefd
fffefefe
fefefffe
fbfdfefd
dffffefd
6b685e91
68696968
aa5f6a69
0000004d
00000000
00000000
00000000
69686a61
6a6a6969
ffeb8f61
fefefdfd
fefefeff
fffefffe
fefffeff
fefefefe
fefdfdfe
6468b5fe
6969686b
626a6969
000020bb
00000000
00000000
5e000000
696a686b
5d696a68
fbfdffb2
fffefffe
ffffffff
ffffffff
ffffffff
ffffffff
fdfffffe
75ddfffc
69686c62
666a6969
0004ca69
00000000
00000000
6a410000
696a6a69
bf68686a
fefdfdff
fffefefe
fefeffff
ffffffff
feffffff
fefefefe
fffefffe
ecfffcfe
686c6083
6b686969
00998063
00000000
00000000
69660d00
69686968
ffc16569
fefffdfb
ffffffff
ffffffff
ffffffff
ffffffff
ffffffff
feffffff
fffdfeff
6b6285f3
68696968
5ca65d6c
00000000
00000000
686a5f00
6a696969
faffbd5c
fffefffe
ffffffff
fffeffff
ffffffff
ffffffff
ffffffff
ffffffff
fdfffefe
6478eeff
6969696b
ce686969
00000038
00000000
68676838
606b6869
fefdffa0
fefffefe
fefefefe
fefffefe
ffffffff
ffffffff
fefeffff
fefefefe
fffefeff
6ae0fffc
68686967
87626b68
00001ada
08000000
68686a61
7f636b68
fefdfef8
fdfffefe
fefffdfb
fefbfcff
fffffeff
fefeffff
fefcfdff
fbfeffff
fefefffd
bafffcff
69696b62
63696968
0000d0cc
3c000000
69696a6a
d4646969
fefefbff
fefcfefe
f4f8ffff
fdfffffa
fffefffd
fefffeff
fdfffefc
fffdf4f5
fffefcfe
fffcfefe
696c5f95
616a6968
0008ce86
61030000
6868686b
ffa3606b
fefefdfa
edfffcfe
373c589a
fdb8653e
fefffefe
fcfefffe
497fdbff
834b393a
fffcffe0
fffdfffe
6a686be0
69696969
0019ca64
66190000
69696969
fee16868
fffefefc
33b8fffc
1b1c160f
63111519
fffefff3
fffcfefe
181121a5
10171c1c
fcffad26
fcfefeff
6b60afff
6b696969
002c9e61
6b4e0000
6a696968
fcff9d5e
fcfffefe
1a14aaff
21222725
0c262626
fefeff60
affffcfe
25241e11
26262221
ffb7161e
fdfefffc
676dedff
6a696969
02a87466
6b610000
68696969
fdffe068
fffcfefe
241d1cd0
2b231421
26211e15
fcffae10
2eeafffd
1421221c
22172121
ee321b24
fefefdff
5e9ffffd
6969686a
26bf606a
6a650d00
626a696a
fefeff86
fffdfefe
22241356
eade7416
2822219f
fdff561a
0e90fffb
6b172224
1764ddde
97102423
fefefbff
64d9fffd
68696969
779a5f6b
69681c00
5e6c696a
fefcffaa
cbfffcff
1424231b
fbfdff6a
15067cff
ffde180e
1643fdfd
f53f1923
39f0ffff
4818251c
fefefffe
85fdfefe
69696a63
d782636a
6a6a3100
646a696a
fefcffd9
84fffbfe
1c212410
f9f9ffcb
7452caff
ffeea58b
1e20d8ff
ff871123
7efff9f9
23212513
fefdffdb
a2fffcfe
69686b5e
d8746769
6a6a3c01
77656a6a
fefefff5
53fffefe
3e1a2415
fefefdf5
fefffefe
fbfeffff
2112adff
ffb21322
affffbfb
16252615
fefcffb5
bdfffdfe
69696b5f
c0686969
696a4006
91606b6a
fefefdff
35f1fffe
5b15241b
dff2feff
fbfffce7
fbfefcf9
23108aff
ffc91921
c7fffcfc
1226241b
fefbff91
e0fffdfe
69696969
ad646a69
68694f06
aa5e6b68
fefdfcff
20d9fffd
7f10251f
253673f4
f79c4a2b
fbfffdff
231072ff
ffd8211f
d5fffdfd
1326211f
fefbff78
f2fffefe
696a6674
99636a69
69695c07
bc5d6b69
fefefcff
1accfffc
6c172321
22200e44
510e1920
fcfdffe8
221261ff
ffe1241e
d9fffdfd
1426201f
fefcff67
fdfffeff
696a6382
8a646a69
696a670a
c35f6b69
fefefcff
15bcfffc
1d222123
1112201e
1026261d
fcfff449
231557ff
ffe5261d
dffffdfd
14241f24
fefcff5f
fffdfeff
686b6190
81656a69
6a69680d
c4606b6a
fefefcff
14b6fffc
23212123
87893919
26231939
fbff840d
231555ff
ffe82a1d
dffffdfd
14231e25
fefdff5d
fffdfeff
686b6098
7b656a68
6969680e
c4606b6a
fefefcff
14b7fffc
19232123
ffffeb44
251b40e8
ffeb2f1e
231456ff
ffe7281d
e0fffdfd
14241e25
fefdff5e
fffdfefe
686b5f9a
7a666a69
69696708
c15f6b69
fefefcff
14bcfffc
17222121
f9f9ffbd
2316b7ff
ffb21424
23155bff
ffe3251e
defffdfd
13241f23
fefcff60
fffdfefe
686b6096
7b666a69
69696603
b05e6c68
fefefcff
18cafffc
351c211f
fefefff0
1b30ecff
ff841025
241363ff
ffe0241f
d8fffdfd
12231f21
fefcff6a
fffdfefe
696b628b
81656a69
69695801
995f6b69
fefdfdff
21d9fffd
4518221f
fefefffc
1745fcff
ff701225
251176ff
ffd72020
d2fffcfd
10231f1c
fefbff7f
f8fffefe
696a647b
88656a69
696a4804
7d646a6a
fefdfef8
33eefffd
4119231b
fefefffa
174affff
ff6e1225
25108dff
ffc71822
c0fffcfc
11222016
fefbff9a
e5fffdfe
69696769
97646a69
6a6a4807
66696a69
fefcffe0
4ffffefe
2d1d2314
fefdffe9
193df7ff
ff7a1125
2313b0ff
ffaa1324
a4fffbfb
17212212
fefcffbf
c2fffdfe
68696c60
aa656a69
696a4209
5e6b6969
fefcffb5
83fffbfe
1523240f
faf9ffad
1f22d9ff
ff9a1124
1f20daff
ff731325
6ffff9f8
291d2412
fefdffe7
a4fffdfe
68696d5f
bf6b6969
69683605
626a6968
fefeff8a
cbfffcfe
1b23231b
fcffe438
231375ff
ffd01c21
174afffb
de2a1f24
2addffff
5c15241e
fefefdff
84fdfffe
69696b63
ce76656a
69642800
68696968
fdffe86d
fffefefe
23261457
b7a03618
241f1667
fdff5313
0f9bfffa
40192325
183fabac
ad102421
fefefcff
65d9fffd
69696969
cb87646a
6b611000
6b696969
fcffae5e
fffdfefe
251e1fd3
14121c24
1e232014
fcffc919
40f5fffd
1a222615
211a1313
fd4c1325
fefefefe
609dfffd
6969686b
8fa2626a
69650800
6969696a
ffec7067
fcfffefd
161cb5ff
27272724
15182427
fefcffa7
d3fffcfd
2624142a
24262828
ffd92b13
fdfffefc
686ceaff
69686969
44c26a69
65520200
6869696b
ffb2606c
fffefefb
45c9fffc
14141113
bd3e1412
fefffcff
fffcfefe
121550d8
14111414
fcffd74c
fdfffefe
6b60acff
6b696869
0ece8263
66200000
6869696a
e56d686a
fefffdff
f8fffcff
6a6a83bb
fff4b781
fffffefc
fdfffefe
84befaff
bb826a6a
fffcfff8
fffdfffe
696667e0
6a696969
0166a963
68070000
68696a66
8f606c69
fffefdff
fdfcfffe
fffffeff
fcfefffe
fefeffff
fffefefe
fefffdfd
fffeffff
fdfefcfd
fffdfefe
68696191
666a6869
0022cb75
34000000
68696a67
626b6969
fffbffba
fefffefe
fcfcfbfc
fffefcfb
fefefffe
fefffefe
fbfcfeff
fbfbfcfc
fefefefd
b7fffcfe
69696b61
656a6869
000d919f
05000000
686a646c
68696868
fcffd962
fffefeff
fefefeff
fffffffe
ffffffff
ffffffff
fefefeff
fffffefe
fefefefe
64dbfffc
69696968
74656969
000235cd
00000000
69686327
6a686969
ffe07065
fefffefc
ffffffff
ffffffff
fefeffff
ffffffff
feffffff
fefefefe
fcfefffe
676fe1ff
6968686a
a3646969
0000109e
00000000
6b635f06
68696968
e176616b
fffefcff
fffffffe
ffffffff
ffffffff
ffffffff
ffffffff
feffffff
fffbfeff
6a617ae6
68686969
cc82646b
0000022d
00000000
656f1100
6969696a
6d646c68
fdfdffd7
fffefffe
ffffffff
ffffffff
ffffffff
ffffffff
fefefeff
e1fffcfd
696b6373
6a686969
66b86d68
0000000c
00000000
682f0100
69686965
666b6869
fffdad64
fffefdfd
fffffffe
ffffffff
ffffffff
feffffff
fdfdfeff
67bdfffe
6a686a65
69696969
16aba467
00000000
00000000
53080000
696a6b63
6a686969
d2876069
fcfefefe
fefefefd
ffffffff
fffefefe
fefefefe
fffefdfd
676195e2
6a69676a
646b6969
0333c98f
00000000
00000000
0c000000
6a6b647c
68696a6a
62626b69
fffbde97
fdfdfdfe
fdfefdfd
fdfefefd
fefdfdfd
abecfefe
6a6a6067
69696968
88636c69
000849c8
00000000
00000000
00000000
69628113
68696a6b
6a6a6869
bd856561
fefeffec
ffffffff
ffffffff
f8fffeff
606a94d1
69696c68
69686a69
c886626a
00000f55
00000000
00000000
00000000
647f1300
68696b67
6a696969
5f646a6c
c5ae916e
fbf7eedd
e4f1f9fc
7a9fb8ce
6c686162
69696a6b
69696969
47c38364
0000000d
00000000
00000000
00000000
82180100
696a6468
69696a69
6c6b6969
615e6067
7e7a7166
69737c80
645f5f62
69696b69
69696969
63676b6a
0f51c58e
00000000
00000000
00000000
00000000
12020000
68617c7c
6869696a
69686968
6b6c6b69
6465686a
6a676564
6a6b6b6b
68696869
6a696869
a06c646a
001147c2
00000000
00000000
00000000
00000000
00000000
6c904a0a
696a6761
68686968
69686868
6a6a6969
6a6a6a6a
69696869
68696969
64696a69
91b08166
00000b26
00000000
00000000
00000000
00000000
00000000
90310b00
66636c87
696a6b6b
69696969
69696969
69696869
69696869
6b6a6969
7a68636a
1c5ebda4
00000004
00000000
00000000
00000000
00000000
00000000
13070000
7192a64f
6b686465
696a6b6c
69696969
69696969
6a696969
6365696a
b5a57e67
0010277f
00000000
00000000
00000000
00000000
00000000
00000000
00000000
a6623310
64728699
67676663
6a6a6968
69696a6a
64676769
8b7a6763
2666bca6
00000915
00000000
00000000
00000000
00000000
00000000
00000000
00000000
2e1a0700
a4aa955c
6c717b8e
63646568
67646464
82716e6a
7ab5ac93
07111b41
00000000
00000000
00000000
00000000
00000000
00000000
00000000
00000000
08030000
3b2f2115
b1b4b36b
999ea2ac
a7a19b98
bbb3b1af
07173b8f
00000607
00000000
00000000
00000000
00000000
00000000
00000000
00000000
00000000
00000000
00000000
00000000
00000000
0000000c
00000000
00000000
00000000
00000000
00000000
00000000
00000000
00000000
00000000
00000000
00000000
00000000
00000000
00000000
36000000
0000874c
00000000
00000000
00000000
00000000
00000000
00000000
00000000
00000000
00000000
00000000
00000000
00000000
00000000
00000000
4f400000
00b44c4d
00000000
00000000
00000000
00000000
00000000
00000000
00000000
00000000
00000000
00000000
00000000
00000000
00000000
00000000
4d4c1200
07914c4e
00000000
00000000
00000000
00000000
00000000
00000000
00000000
00000000
00000000
00000000
00000000
00000000
00000000
00000000
4c4e3d00
c1554c4c
00000000
00000000
00000000
00000000
00000000
00000000
00000000
00000000
00000000
00000000
00000000
00000000
00000000
00000000
4c4d4c0c
a14c4e4c
00000000
00000000
00000000
00000000
00000000
00000000
00000000
00000000
00000000
00000000
00000000
00000000
00000000
00000000
4c4c4e38
594c4d4c
00000090
00000000
00000000
00000000
00000000
00000000
00000000
00000000
00000000
00000000
00000000
00000000
00000000
08000000
4c4c4e4c
4c4e4c4c
000000ab
00000000
00000000
00000000
00000000
00000000
00000000
00000000
00000000
00000000
00000000
00000000
00000000
31000000
4c4c4c4d
4c4d4c4c
00006463
00000000
00000000
00000000
00000000
00000000
00000000
00000000
00000000
00000000
00000000
00000000
00000000
4c020000
4c4c4c4d
4e4c4c4c
0000b44c
00000000
00000000
00000000
00000000
00000000
00000000
00000000
00000000
00000000
00000000
00000000
00000000
4c270000
4c4c4c4c
4d4c4c4c
00596b4c
00000000
00000000
00000000
00000000
00000000
00000000
00000000
00000000
00000000
00000000
00000000
00000000
4e4c0000
4d4c4c4c
4c4c4c4d
00c44c4d
00000000
00000000
00000000
00000000
00000000
00000000
00000000
00000000
00000000
00000000
00000000
00000000
4c4c2200
4c4c4c4c
4c4c4c4c
1d7a4c4e
00000000
00000000
00000000
00000000
00000000
00000000
00000000
00000000
00000000
00000000
00000000
00000000
4c4e4c00
be4c4c4c
4c4d4ca3
ca4c4d4c
00000000
00000000
00000000
00000000
00000000
00000000
00000000
00000000
00000000
00000000
00000000
00000000
4c4c4c1a
ff8c4c4e
4d4c5cf2
834c4e4c
00000009
00000000
00000000
00000000
00000000
00000000
00000000
00000000
00000000
00000000
00000000
00000000
4c4c4e4a
ffd34c4c
4e4ca2ff
4d4c4c4c
000000c1
00000000
00000000
00000000
00000000
00000000
00000000
00000000
00000000
00000000
00000000
1e000000
4d4c4d4c
fcff7c4c
4c59e5ff
4c4e4c4d
00000191
00000000
00000000
00000000
00000000
00000000
00000000
00000000
00000000
00000000
00000000
41000000
4d4c4c4e
fdffd14c
4c91fffc
4c4c4c4e
0000a452
00000000
00000000
00000000
00000000
00000000
00000000
00000000
00000000
00000000
00000000
4c0b0000
4c4e4c4d
fefffe77
51e3fffd
4e4c4c4c
00009c4c
00000000
00000000
00000000
00000000
00000000
00000000
00000000
00000000
00000000
00000000
4e3d0000
4c4e4c4c
fefcffc0
8cfffdfe
4c4c4e4c
009a564c
00000000
00000000
00000000
00000000
00000000
00000000
00000000
00000000
00000000
00000000
4d4c0800
694c4d4c
fefefffb
d3fffdfe
4c4c4c4d
00a44c4e
00000000
00000000
00000000
00000000
00000000
00000000
00000000
00000000
00000000
00000000
4c4d2d00
b84c4d4c
fefefcff
fffdfcfd
4c4e4c7c
545f4c4d
00000000
00000000
00000000
00000000
00000000
00000000
00000000
00000000
00000000
00000000
4c4e4c04
f2654c4d
fefcfbff
fffcfeff
4c4d4cce
b54c4e4c
00000000
00000000
00000000
00000000
00000000
00000000
00000000
00000000
00000000
00000000
4c4c4c32
ffaa4c4e
fefefefb
ffe8bdef
4d4c79fc
674c4d4c
00000022
00000000
00000000
00000000
00000000
00000000
00000000
00000000
00000000
02000000
4d4c4e4c
ffef5b4c
353e75fe
ff97001e
4e4cbefe
4c4e4c4c
000000b5
00000000
00000000
00000000
00000000
00000000
00000000
00000000
00000000
24000000
4e4c4c4c
fffe9f4c
000001c4
ff350002
4c67faff
4c4d4c4d
00001072
00000000
00000000
00000000
00000000
00000000
00000000
00000000
00000000
4c000000
4c4c4c4e
fffee254
0206005d
dc0d0002
4cb6feff
4d4c4c4e
0000c54c
00000000
00000000
00000000
00000000
00000000
00000000
00000000
00000000
4c1f0000
4c4e4c4d
d6fffe8e
00000005
8b000300
65f1fdff
4d4c4d4c
000b7d4c
00000000
00000000
00000000
00000000
00000000
00000000
00000000
00000000
4e4a0000
4f4c4c4c
63fffede
00000200
44000200
a5fffbff
4c4c4e4c
00c64c4c
00000000
00000000
00000000
00000000
00000000
00000000
00000000
00000000
4c4c1700
874c4d4c
13e0fffe
00000100
21000100
effeffee
4c4c4c59
058a4c4e
00000000
00000000
00000000
00000000
00000000
00000000
00000000
00000000
4c4e4a00
d04c4d4c
007cfffe
00000003
8a000300
fffcfbff
4c4e4c9d
ba4e4c4c
00000000
00000000
00000000
00000000
00000000
00000000
00000000
00000000
4c4d4c19
fe784c4e
0014e9ff
00000001
ed160001
fffdfdff
4d4c54e1
964c4e4c
00000000
00000000
00000000
00000000
00000000
00000000
00000000
00000000
4c4c4e3c
fec74c4d
020084ff
00000000
ff7b0003
fdfefefb
4e4c8cff
574c4d4c
0000009f
00000000
00000000
00000000
00000000
00000000
00000000
0c000000
4d4c4d4c
fffa714c
010027f1
00000000
ffa70002
fdfefefb
4c4fe1ff
4c4e4c4c
000000a2
00000000
00000000
00000000
00000000
00000000
00000000
39000000
4e4c4c4d
fffebd4c
00030098
00000000
ffa40002
fefefefb
4c88fffe
4c4d4c4e
0000945a
00000000
00000000
00000000
00000000
00000000
00000000
4c020000
4c4d4c4d
f9fffa68
0001002b
00000000
ffa50003
fefffffb
4cd0fffd
4e4c4c4c
0000a94c
00000000
00000000
00000000
00000000
00000000
00000000
4d280000
4c4d4c4c
a7fffeb2
00000100
00000000
ffa50003
fefffffb
75fffdfe
4d4c4e4c
005b674c
00000000
00000000
00000000
00000000
00000000
00000000
4d4c0200
5e4c4d4c
3efeffed
00000200
00000000
ffa50003
fffffffb
c9fffdfe
4c4c4e4c
00bb4c4e
00000000
00000000
00000000
00000000
00000000
00000000
4c4c2f00
a54c4e4c
00b8fffe
00000001
00000000
ffa50003
fffffffb
fafffefe
4c4d4c72
1e6d4c4e
00000000
00000000
00000000
00000000
00000000
00000000
4c4e4c00
ec5a4c4d
0048fffe
00000002
00000000
ffa50003
fffffffb
fffcfeff
4c4e4cb9
bf4c4d4c
00000000
00000000
00000000
00000000
00000000
00000000
4c4c4c22
fe984c4e
0001c4ff
00000000
00000000
ffa50003
fffffffb
fffefeff
4d4c66f9
7a4c4d4c
00000016
00000000
00000000
00000000
00000000
00000000
4c4c4e4c
fedf4f4c
03005aff
00000000
00170700
ffa50003
fffffffb
fcfeffff
4e4cb1ff
4c4d4c4c
000000ca
00000000
00000000
00000000
00000000
1f000000
4e4c4d4c
fffe8c4c
000004d5
02000000
00674000
ffa50006
fffffffb
fdfeffff
4c5fecff
4c4e4c4d
00000d84
00000000
00000000
00000000
00000000
48000000
4c4c4c4e
fffeda4f
00020065
02000000
0074b200
ffa50007
fffffffb
fefeffff
4ca0fffc
4c4c4c4e
0000cc4f
00000000
00000000
00000000
00000000
4c180000
4c4e4c4d
defffe7e
00010010
00010000
006bff1d
ffa50007
fffffffb
feffffff
58ecfffd
4e4c4c4c
0002954c
00000000
00000000
00000000
00000000
4d480000
4c4e4c4c
70fffecd
00000400
00030000
0065ff89
ffa50007
fffffffb
feffffff
98fffdfe
4c4c4e4c
00a7524c
00000000
00000000
00000000
00000000
4d4c1600
754c4d4c
3efffdff
00010400
18000100
0067ffe7
ffa50007
fffffffb
ffffffff
dcfffdfe
4c4c4c4f
00994c4e
00000000
00000000
00000000
00000000
4c4e3c00
c24c4d4c
e7fffcff
02020055
78000200
0068ffff
ffa50007
fffffffb
ffffffff
fffdfefe
4c4e4c86
8f5b4c4d
00000000
00000000
00000000
00000000
4c4e4c09
f86b4c4d
fdfefeff
000f9fff
da0b0004
0068ffff
ffa50007
fffffffb
ffffffff
fffdfeff
4c4c4ddb
ad4c4e4c
00000000
00000000
00000000
00000000
4c4c4c32
ffba4c4e
fdfffefc
37d9fffa
ff6e0000
0068fff7
ffa50009
fffffffb
ffffffff
fefefeff
4e4c81ff
5d4c4d4c
00000063
00000000
00000000
03000000
4d4c4d4c
fff7654c
fffefefe
fafffbfe
ffd40c75
0069fff8
ffa50007
fffffffb
ffffffff
fcfeffff
4d4cccff
4c4e4c4c
000000ac
00000000
00000000
2f000000
4d4c4c4d
fcffab4c
fefffffe
fdfdfffe
fffad0fe
0068fffa
ffa60056
fffffffb
ffffffff
fefeffff
4c73fffe
4c4d4c4d
0000346c
00000000
00000000
4c020000
4c4d4c4e
feffec59
fffffffe
fefffeff
fffdfefc
675bfffa
ff984bff
fffffffb
ffffffff
feffffff
4cc4fffd
4e4c4c4d
0000c04c
00000000
00000000
4c290000
4c4e4c4c
fefbffa1
fefefefe
fefefefe
fefefcfe
ebb2fffc
ffcee3ff
fefefefc
fefefefe
fefefefe
6bf8fffe
4d4c4d4c
0012724c
00000000
00000000
4e4c0000
544c4c4c
fffeffe5
ffffffff
ffffffff
ffffffff
feffffff
fefffefe
ffffffff
ffffffff
ffffffff
b6fffcfe
4c4c4e4c
00c44c4c
00000000
00000000
4c4c2200
4d4c4c4c
fbf9ffcc
fbfbfbfb
fbfbfbfb
fbfbfbfb
faf8fbfa
fbf9f9fb
fbfbfbfa
fbfbfbfb
fbfbfbfb
a7fff8fb
4c4c4e4c
13804c4d
00000000
00000000
4c4e4b00
4c4c4c4c
61616255
61616161
61616161
61616161
61616161
61616161
61616161
61616161
61616161
50616161
4c4c4c4c
ca4c4d4c
00000000
00000000
4c4d4c12
4c4c4c4c
4c4c4c4c
4c4c4c4c
4c4c4c4c
4c4c4c4c
4c4c4c4c
4c4c4c4c
4c4c4c4c
4c4c4c4c
4c4c4c4c
4c4c4c4c
4c4c4c4c
884c4e4c
00000007
00000000
4c4c4e43
4c4c4c4c
4d4d4d4c
4d4d4d4d
4d4d4d4d
4d4d4d4d
4d4d4d4d
4d4d4d4d
4d4d4d4d
4d4d4d4d
4d4d4d4d
4c4d4d4d
4c4c4c4c
534c4c4c
000000c7
0e000000
4c4c4e4c
4c4c4c4c
4c4c4c4c
4c4c4c4c
4c4c4c4c
4c4c4c4c
4c4c4c4c
4c4c4c4c
4c4c4c4c
4c4c4c4c
4c4c4c4c
4c4c4c4c
4c4c4c4c
4c4e4c4c
0000059d
2c000000
4c4c4d4c
4c4c4c4c
4c4c4c4c
4c4c4c4c
4c4c4c4c
4c4c4c4c
4c4c4c4c
4c4c4c4c
4c4c4c4c
4c4c4c4c
4c4c4c4c
4c4c4c4c
4c4c4c4c
4c4e4c4c
0000838c
4f000000
4c4c4e4c
4c4c4c4c
4c4c4c4c
4c4c4c4c
4c4c4c4c
4c4c4c4c
4c4c4c4c
4c4c4c4c
4c4c4c4c
4c4c4c4c
4c4c4c4c
4c4c4c4c
4c4c4c4c
4c4f4c4c
000078a8
07000000
4c4d4c5b
4c4c4c4c
4c4c4c4c
4c4c4c4c
4c4c4c4c
4c4c4c4c
4c4c4c4c
4c4c4c4c
4c4c4c4c
4c4c4c4c
4c4c4c4c
4c4c4c4c
4c4c4c4c
714c4d4c
000003ef
00000000
d6d7d416
d6d6d6d6
d6d6d6d6
d6d6d6d6
d5d6d6d6
d5d5d5d5
d5d5d5d5
d4d5d5d5
d5d5d5d5
d6d6d6d5
d6d6d6d6
d6d6d6d6
d6d6d6d6
c8d2d6d6
0000000e
02020205
02020202
00010302
06040102
00040405
01080806
08080806
07070809
0c0c0b0a
0506090a
04030205
07020104
05020104
04040005
01000103
00010202
01010303
01020303
01030801
02020001
02010303
0201040b
08070707
0d0c0b09
0c0d0f10
07090a0a
07040205
04060407
02070104
04020103
01020103
01010100
01030202
03020504
03010204
02050202
03050404
0b060a07
271e1813
4345453a
483e4049
17223b4d
07020911
06010a0b
07000000
02030006
03020002
01010102
01010201
04010303
04010307
01010204
04030104
2e0f0905
4a494c50
4c4d4e4e
5252504f
524a464d
10176346
0301040a
010b0204
04010303
03010101
02010204
02020002
03030201
03010104
07010304
10050206
574a4e2b
51524f4a
514f4d4d
4b4a4e53
4f515250
504d4d51
07051675
02030103
04050505
02020003
01010303
03040202
01040401
01010101
04010502
4f310f0b
4c4a4e51
4c4f4f4f
4c4d4c4b
514f4b48
4d4d4e50
544b4a4e
117e4f4b
03040908
04010102
02010202
01020201
02030202
01040301
02020403
0a040106
4b4f422e
514c4f50
4d4b4c4d
7b746757
5466747a
4f4e4a4a
4f4f4d50
4955454b
05040a70
05010406
00020201
01000101
02010204
02010001
05010202
43120405
4f4f4f50
46504b4c
dabb8e66
f3f1ece7
e4eaeeee
6893bed9
494c5346
514b5151
040f8349
01020300
03020102
03030201
03030204
02030204
02030201
514b1205
4b4e4e50
ca945944
fcfbf8f3
fdfcfcfc
f9fafaf9
f2f5f7f8
495d9ad1
4f4c4e4f
5a58524e
03010505
04020201
04070403
02040401
02030201
06050404
4a564d19
5c49504a
fcf3dda6
faf9f8fa
fdfdfdfc
fbfbfcfd
fdfdfdfc
aae1f3fa
4b53465c
524a4a50
01090587
0b010206
04030103
02010001
01050502
1d070602
554c4b4f
d88b524d
fbfafaf8
fefefdfb
fdfcfcfd
fdfdfdfd
fefefefd
f4f6feff
4c4e92dc
4c54524e
0404914e
04010502
02040004
02010106
03020101
541b0702
47514f4c
fceeb35d
f8fbf8f7
fcf9f9fb
fdfefefe
fefdfdfd
fcfcfefe
faf9f3f4
66baf0fc
4b4b544c
04ac5557
0b020201
03060005
01030103
06030102
4c4e1805
744c4c51
fcfaf4dd
fafaf8fa
fffdfbfa
fbfcfdff
fffdfbfb
fdfdfdfe
f8fcfdfa
e0effafc
544f417b
bd424e4b
00030604
04010001
00040001
05000803
4b4e5518
dd79464d
faf4f2f5
f8fdfdfb
fbfbfdfe
fbfcfdfd
fdfefefd
f8f9fbfc
f6f7f7f7
f5f9f7f6
485a7dee
5453504b
030203c4
02010105
00020001
14050203
504d554a
fcf18048
f1fefbee
fbf5f8f5
fdfcfbfb
fefefeff
fffffefe
fcfdfefe
f7fcfdfb
f1f9fcf3
4681f3f6
514f4a57
0104157e
02020108
01030104
460b0304
49524953
f7fae46d
fcf8fafb
fbfdfafa
fbfdfdfb
fafbfffc
fbfdfdfb
fafafafa
fafbfafa
fdfcfaf8
77ecfaf7
4e4b514e
0309aa4c
05020104
030a0508
4c2d0709
554f584a
f9f5f5e6
ffffffff
ffffffff
fffef7fc
fefffdf6
fdfcfaff
fff3fffa
fffefaff
fdfdfffe
eaf5f1fc
4f4a5064
01c9494f
04030502
03060307
4c4a0f03
b34d4d52
fcf7f8ef
ffffffff
ffffffff
fdfffefd
fffcfffd
fffffff7
f7fdfffe
fffef7ff
fffffaf9
f5fbf9f4
4b564bc0
0c8a504f
01090102
09010501
504b3e06
ef91454f
f7fdf8f9
f9f9f9f9
f9f9f9f9
f6fbfdf7
fcf7ffff
fff6f0ff
fafff9fc
f4fffafb
f4fbfff7
fcf9fefb
4b4e93f4
c4505349
05040b04
02050503
4f494f13
f8db5b49
f6fafcfd
ffffffff
ffffffff
fafffdfa
fbfffaff
fcfffffc
f6fef9fb
fff3fbfa
fffff4ff
fdf2f7fc
4a61e3fa
814d4d4e
08060c15
05080705
4a554d27
f5f79c4b
828ef6fb
84848484
84848484
7f848189
fff9a383
fef4fbf8
96f7fdff
5f513a5b
f9fcffa7
faf7f9f1
4aabf7f8
4e544b4e
070a07d1
0d060406
4b4f5143
f6fada5b
0120ecf8
00000000
00000000
00010003
ffed4501
f6feffff
000897fe
0f000700
fdca3a03
f7fdfcf9
64e6f1fa
4f514a51
040104aa
10050206
574a4a4e
f8fbf692
0223f5fd
07070707
07070707
0c0a0201
fcfb4103
f5fcf4fd
09000177
02030007
bc10000d
f8f9fcf8
a3fbf9fa
504b524f
0106506b
39070201
4a4d4f51
f8faf8cc
041df1fc
00000000
00000000
01000304
f8ff3d00
8afdfffb
000a0002
000a1800
0b000308
fff7f1df
d9fafdf5
4c4c4e49
040acb50
480f0403
704d4c54
fcfefdf3
b9cfecfb
bbbcc1b5
c5bbb4c5
01000097
fcf78006
0fdafffe
59000f00
9fe4f0c2
00050021
faf8fb46
f5f8fdf9
504f4f73
090da24c
4b150606
924a504d
f8f9f9f6
f7fbfdfb
fffefeff
fafafbfd
0304004c
f7ffe946
0080f6fd
ef5e0105
fffdfdff
01010ecd
fcfccd10
f8f8fafa
494f539c
083f8350
4e1b0708
b8495447
f8fcf9fa
fdfcfbfb
fafefbfe
9bfffff9
0e040001
fbffffcc
0142fffc
ffc30800
fffdf9fd
070769ff
fafc9200
f8f9fbfb
4e4f44c7
08b4604e
4e270809
d54d5149
fdfdfafa
f8fafbfe
f6fffdf8
27e8fcfe
8e000700
fffff2ff
020eeffe
faf92401
fafef8fa
0903cdf9
f7fe6408
f9fafbfd
4e4d46e2
08e74f4c
4b3b0a09
e5594a4f
fcfcf9fa
fcfefdfe
fefffeff
008ff8ff
fb34090b
fffafffc
0000dafb
ffff5107
fefcfafe
000ce8ff
fdfe3c04
fbfbfcfe
4a4e68ec
05d64d4f
4b4d0b08
ed6b4752
fbfbfcfd
fbfcfcfc
fefffaff
0026eafc
feaf0200
fff2fffa
020ac0fa
eeff8202
f7fffdff
032efafc
fefd1f04
fafcfdfe
4d507bf0
02c2524e
4d4d0d08
f07a4950
fefdfbfd
fcfdfefd
fefffcfe
0300a3fd
feff3a02
fefffef3
090098fe
fcff9a01
f9fff5fd
0132fef9
fcee1007
f9fefffe
52517ef2
04c0524c
4f460e0a
f2814b4d
fbfdfbfc
fbfcfbfa
fefdfcfd
03073afa
f1ffa603
f9fffefd
0901a0fc
fff39e05
fbfdfffe
0245fdff
fce70704
fafbfefd
4f4f89f4
07ba4b51
504b0d0e
ef814c4d
fbfefcfc
fbfefbf9
fffdfeff
020003cd
fefdf62b
f9fffdff
000193fe
fff4a602
fefff5ff
004bffef
fee20d02
f8fdf6fc
504b85f1
06b24e4e
4c4e0d0e
f17d4652
fbfefbfc
fcfefdfa
fffcfffc
0000018d
fdfcff72
fdfffbff
0604a1f7
fcff9d06
fdf9feff
003cfcff
feea1305
fcfdfbff
504e83f2
03c14d4d
4b4e0d0f
f06f4953
fdfdfafd
fefdfefd
fafdfffb
0503013c
fdfaffc7
fffcfbff
0400b4ff
f6fe7c00
f1fefdfc
022ff7ff
fcf41900
fcfdfefb
4f5077f2
01c64e4d
4b4e0d0d
e75b524d
fefcfafc
fefdfbfe
e4fffdfe
2205020a
fefcfdf7
fdfbfeff
0000c7fe
feff6401
fefff3fd
0414f1ff
fbfd3201
fbfafefa
4b4f62f1
06cf504d
4c550d09
d74c544a
fffcfbfa
fcfdfbfd
bafff8ff
54050300
fffff7ff
fbfefffd
0114eef9
f7fb3902
f6fffffb
0004d1f2
f9fd5d02
fdf8fffa
4b504ee6
0be6534c
4c560b08
bd4c4f4c
fefefcf8
fbfdfbfd
87fff6ff
8f020303
fefff9fe
fcfffffa
0034ffff
ffce0900
f7fdfeff
060182ff
f9fc8c03
fbf6fcfb
4b5248c9
0ceb604d
4b370908
984c4d52
fcfffdf5
f9fefbfe
5afefbff
c2000504
fefdfffb
fffffffc
0072f7fa
ed7b0307
fffff1ff
0e002ce1
fbf8c70c
f6f6fbfc
4d4f4ea0
0ea67e4f
471a0607
704b4d50
fbfefdf3
f7fefaff
41fefffd
df000600
fef7fffc
fffdfeff
05c9fdff
7b020002
c9feffed
00060146
fdfafb34
f4f8fbfa
4f4a537b
0e439951
4a100407
4d4a524d
f8fefdd2
f6fef9fb
28fefffc
f1150600
ffffffff
ffffffff
60fafffb
000b0307
0125380b
02070702
fbfafac2
dbfcfdf7
4f4d4d4f
0b0abe4e
6b0a0104
4e4a4c48
f9fbf897
f5fdfdf9
1af5fafd
fe260300
ffffffff
ffffffff
f9ffedfd
0b000032
08000011
870c0011
fff1fbfc
b1f6fdf9
434a5248
0408e46a
47010d02
4c524f50
f8f5e05d
fbfafafa
1aedfcff
fb370001
ffffffff
ffffffff
f1fdfffe
020761ff
04000e00
ff9a1200
f5fafdfc
62ecf8f8
504e4b50
0101ac98
11070507
46524a52
f5f9a54d
fbf6f6fa
6eeefbfb
ff8a6165
ffffffff
ffffffff
fff5fff7
64baf4fb
3e21163d
f2ffea88
fcf6f8f4
49b8fbf7
4b4f5045
050504d2
0a0b0507
534c5474
f4e45e4e
f9f5fafc
f7fffffb
fff4ffff
ffffffff
ffffffff
fdf9fffb
fffffffb
fdf3f2ef
fefef8fe
fbf0f8fb
5064edf4
7d494a51
040a08f2
04050404
4c405316
f5914d4c
fbf8fefd
fbf0fdfd
fafffff5
ffffffff
ffffffff
f6ffffff
f6fff9fb
ffffffff
f8fffdfb
f2fdf9f8
4947a4f5
bf514d4d
05060930
05020003
4e4d8a03
bf49554c
fcfafaf5
fffffffd
fffff9f5
ffffffff
ffffffff
fffcf7fa
fdfcfafa
fdfff2fd
fafffcf1
f5f9f3fc
4e504cd0
f1834b4c
03010403
07040205
4b511307
5c504c4d
f8f7f6ea
f4fff8ff
fbfbffff
ffffffff
ffffffff
fff9feff
fbfffaff
fefcfffd
fffcfcff
ecf0f3f9
4b51496c
21c24b4f
02040004
04030207
46a90a03
51514b4e
f4fbf072
fbfafaf8
fcfffffd
fefefdfe
fcfdfefe
fefffdfd
fcfbfcfd
fafbfcfb
fafdfefc
83f4fbf8
4e4f5249
02f09a4c
02010305
01010203
870c0402
504a4f50
f9ed8348
f4fdf8ec
fcf9faf7
fefefdfc
fcfefefe
fefffdfc
fbfdfdfe
f9fdfaf9
f1f9faf3
4c94ecfd
5149514f
0407dc71
01010103
03020105
3b030204
50504c5f
ec8d5847
f5faf6f2
f6f9f9f6
fffefdfb
fffffefe
fefefcfb
f9fbfcfe
f7f9faf9
f1f7fdf9
4c5492ec
5b4b4e49
01049cc6
03010102
03000104
040b0600
4d4c50ae
85424751
fdf9efe9
fefefbfb
fefefdfd
fcfdfffe
fefffdfc
fefefefe
fafafefe
eff2f9fc
50474a8c
b44c4f54
010304f7
04030205
03010503
04010104
4f4cbf04
4d50524d
fbf3bf67
f4f6f9f6
fdfefdfd
fafdfefd
fdfefbf8
fbfcfdfc
f7fbfaf5
75c5f5f7
4d51534b
f6b14a4b
03070102
01030401
03030202
02090108
4cad0405
53524c4e
e6954e4f
fdfaf6fa
fefbfbfc
fbfdffff
fefefcfa
fcfcfcfe
faf3fafe
494f9eec
4f4d4d53
04f89c4f
01020901
03030101
01020203
01010202
b5040201
4b49514d
5b495649
f6f9ebb0
fcfbfafb
fefefefe
fefdfcfb
f8f8f9fb
b4ecf7ef
49595064
504b4a4a
0302f5b0
05030103
03030201
03020804
02070105
04060302
545054c8
4e504c4d
dca9664a
fbfaf9f5
f9fafbfb
faf9f8f7
f6f9fafb
4d6db2e4
504b4b4b
b44f5a4d
030204f1
05040104
05050702
01010202
04020103
02020102
488bd504
4b4e4d52
4351544b
e8cd9f77
eef2f0ed
edeff3f1
7fa0cbe8
4c4c544c
4b4e514e
f0ce7948
03020204
03020103
03030101
01000101
02010201
01040203
ab220a05
524c4952
594d4a4b
534b4b52
8d8c7a62
657b8590
5152484a
4e4a5050
56464555
015ddca0
0403030b
00010102
03000302
01020201
01020102
01010102
0a070203
4c448fca
4b4b5054
51514d4b
4c4e4c4b
434c5448
4d4b524f
524d4a4b
cf834c49
020306ee
01020201
01030200
04010504
03030201
03010202
04040304
03020401
81cf090c
4c494f49
4f4c4d54
504f4f50
53524d50
4f4f4c4e
49485344
19efc484
01030201
03020809
02010201
02010304
04020102
01010103
04090104
04010301
31050104
52639cd9
4b4e4e46
4f51504b
4c515153
49534c49
d09c6050
040922f1
03040304
01040201
03030101
02000102
02010102
01000203
01010102
01040103
09080307
cbdb0404
50658aa2
4e4a4c4d
4d4d4d49
9f816355
05c1e2d0
05010507
01030100
03020202
02040301
03010302
01010101
02010202
09020804
04030101
06040206
0b060304
e2de7d0b
aebac3ce
cec2b6b7
34b0ede0
0707070b
06020706
03010202
02090101
01010200
01000202
02020101
02010101
03030304
05040404
04010503
01030504
06070805
11030004
02050d18
060a0906
05040702
01000205
01020302
02000304
03030102
01000101
00000000
00000000
00000000
00000000
00000000
00000000
00000000
00000000
00000000
00000000
00000000
00000000
00000000
00000000
00000000
00000000
00000000
00000000
00000000
00000000
00000000
00000000
00000000
2e000000
0000564a
00000000
00000000
00000000
00000000
00000000
00000000
00000000
00000000
00000000
00000000
00000000
00000000
00000000
00000000
4f480000
0051554c
00000000
00000000
00000000
00000000
00000000
00000000
00000000
00000000
00000000
00000000
00000000
00000000
00000000
00000000
4c4c1900
009d4c4d
00000000
00000000
00000000
00000000
00000000
00000000
00000000
00000000
00000000
00000000
00000000
00000000
00000000
00000000
4c4d4600
a2584b4c
00000000
00000000
00000000
00000000
00000000
00000000
00000000
00000000
00000000
00000000
00000000
00000000
00000000
00000000
4c4c4b15
a44c4e4c
00000000
00000000
00000000
00000000
00000000
00000000
00000000
00000000
00000000
00000000
00000000
00000000
00000000
00000000
4c4c4d48
5b4b4c4c
00000071
00000000
00000000
00000000
00000000
00000000
00000000
00000000
00000000
00000000
00000000
00000000
00000000
19000000
4c4c4c4b
4b4d4c4c
000000a7
00000000
00000000
00000000
00000000
00000000
00000000
00000000
00000000
00000000
00000000
00000000
00000000
3e000000
4c4c4c4d
4b4c4c4c
00005662
00000000
00000000
00000000
00000000
00000000
00000000
00000000
00000000
00000000
00000000
00000000
00000000
4b0e0000
4c4c4c4c
4d4c4c4c
0000b14c
00000000
00000000
00000000
00000000
00000000
00000000
00000000
00000000
00000000
00000000
00000000
00000000
4d400000
4c4c4c4c
4c4c4c4c
0048644b
00000000
00000000
00000000
00000000
00000000
00000000
00000000
00000000
00000000
00000000
00000000
00000000
4c4b0a00
4d4c4c4c
4c4c4c4c
00b54c4d
00000000
00000000
00000000
00000000
00000000
00000000
00000000
00000000
00000000
00000000
00000000
00000000
4c4d2d00
4c4b4b4c
4c4c4b4b
2f6e4b4d
00000000
00000000
00000000
00000000
00000000
00000000
00000000
00000000
00000000
00000000
00000000
00000000
4c4c4b07
ae504c4b
4b4d4b7a
bc4c4d4c
00000000
00000000
00000000
00000000
00000000
00000000
00000000
00000000
00000000
00000000
00000000
00000000
4c4c4c2d
ff964b4e
4c4b4ee1
6f4c4d4c
0000001b
00000000
00000000
00000000
00000000
00000000
00000000
00000000
00000000
00000000
00000000
08000000
4c4c4d4c
ffdd534b
4e4b8fff
4c4c4c4c
000000bb
00000000
00000000
00000000
00000000
00000000
00000000
00000000
00000000
00000000
00000000
2d000000
4e4c4c4d
faff8b4b
4b4ed8ff
4b4d4c4c
0000157a
00000000
00000000
00000000
00000000
00000000
00000000
00000000
00000000
00000000
00000000
4b020000
4b4c4b4d
fdffde4e
4b85fffd
4d4c4c4e
0000ba4c
00000000
00000000
00000000
00000000
00000000
00000000
00000000
00000000
00000000
00000000
4b290000
4b4e4c4c
fefdff8a
4cd6fffd
4d4c4c4c
00097c4c
00000000
00000000
00000000
00000000
00000000
00000000
00000000
00000000
00000000
00000000
4d4b0000
4d4b4c4c
fefdffd5
82fefafe
4b4c4d4b
00bc4c4c
00000000
00000000
00000000
00000000
00000000
00000000
00000000
00000000
00000000
00000000
4c4c1f00
7f4b4d4c
fffefdff
cdfffcfe
4c4c4c4b
06864c4d
00000000
00000000
00000000
00000000
00000000
00000000
00000000
00000000
00000000
00000000
4c4d4b00
d04c4c4c
fefefdff
bd5ea2ff
4c4d4b82
aa4c4b4c
00000000
00000000
00000000
00000000
00000000
00000000
00000000
00000000
00000000
00000000
4c4c4b24
ff7f4b4d
fffdfefd
140006d7
4c4b4ca1
894c4d4c
00000001
00000000
00000000
00000000
00000000
00000000
00000000
00000000
00000000
00000000
4c4c4d4b
ffc74c4c
fffbfefd
000a0078
4d4a81a7
514c4c4c
00000092
00000000
00000000
00000000
00000000
00000000
00000000
00000000
00000000
18000000
4d4c4c4b
feff754b
fffcfefe
000200a0
4c4bc8d2
4b4e4c4c
00000191
00000000
00000000
00000000
00000000
00000000
00000000
00000000
00000000
4a000000
4d4c4c4d
fcffc54c
fffbfffe
62002ff9
4b6afbff
4b4c4b4c
00008251
00000000
00000000
00000000
00000000
00000000
00000000
00000000
00000000
4c1b0000
4c4d4c4c
fefffd72
f2fffdff
8c0052dd
4bc1f6d9
4e4c4c4d
0000974b
00000000
00000000
00000000
00000000
00000000
00000000
00000000
00000000
4d480000
4c4c4c4c
fffcffb9
33c6fffd
01000000
6ed72800
4c4c4c4b
008d594c
00000000
00000000
00000000
00000000
00000000
00000000
00000000
00000000
4c4b0f00
664b4c4c
fdfefff9
001ae3ff
01000002
bc7a0004
4c4c4d4b
00a14c4d
00000000
00000000
00000000
00000000
00000000
00000000
00000000
00000000
4c4d4700
b64c4d4c
fbfefcff
0500a1ff
00000000
fa400003
4c4c4b5e
71574b4c
00000000
00000000
00000000
00000000
00000000
00000000
00000000
00000000
4b4c4b14
f6664b4c
fdfefeff
03003fff
00000000
dd050000
4c4d4bb7
a04c4d4c
00000000
00000000
00000000
00000000
00000000
00000000
00000000
00000000
4b4c4d42
ffac4b4d
fffdfffb
01001af1
00000000
a6000300
4c4b5efc
604c4c4c
00000054
00000000
00000000
00000000
00000000
00000000
00000000
0b000000
4c4c4c4c
fff25f4b
fffbfefe
142c00ab
00000000
6c001000
4d4ba2ff
4c4d4c4c
000000ac
00000000
00000000
00000000
00000000
00000000
00000000
3e000000
4d4c4c4d
3177ad4c
fff9ffda
559d0072
03000200
17298300
4c58f0fd
4b4c4c4c
0000505f
00000000
00000000
00000000
00000000
00000000
00000000
4b0d0000
4b4c4c4c
0004b067
f9fcff7b
50cf002e
04000200
007c9a00
4c9fffe7
4d4c4c4d
0000af4c
00000000
00000000
00000000
00000000
00000000
00000000
4d330000
4a4d4c4c
0000b8ac
d8ffff7e
40ff3a00
04000200
00c39a00
5ae5ffd4
4c4c4c4b
0036684c
00000000
00000000
00000000
00000000
00000000
00000000
4c4b0b00
554b4c4c
0030fee9
92ffffdb
3affa200
04000200
00cf9a00
99feffd1
4c4c4d4c
00b84c4d
00000000
00000000
00000000
00000000
00000000
00000000
4c4d3900
994c4d4c
0636e2ff
0ad7f2b3
46ffe70c
04000300
00d09900
e4feffd0
4c4c4b51
206a4b4c
00000000
00000000
00000000
00000000
00000000
00000000
4b4d4b09
e9554b4c
01001de4
00121800
52ffff5e
04000300
00db9c00
fffaffd4
4c4e4b95
b84c4d4c
00000000
00000000
00000000
00000000
00000000
00000000
4c4c4d2b
ff934b4e
00040062
d7700200
4dfffef3
03000300
15f2a200
fffcffd9
4c4b53e1
744c4d4c
00000014
00000000
00000000
00000000
00000000
04000000
4c4c4d4b
f8e24e4b
0201001b
feff3f00
65fffbfd
03000300
1cf1a000
fdfdffe7
4d4c8cff
4c4d4c4c
000000bd
00000000
00000000
00000000
00000000
2c000000
4d4c4c4d
a1ff8a4c
03002f06
fcff3400
93fffbfd
03060400
17cda100
fdfefff7
4b4cdaff
4b4d4b4c
00001476
00000000
00000000
00000000
00000000
4b040000
4b4c4c4d
75ffd84f
05006b24
feff3100
89fffbfe
00570d00
e4ff9e00
fefefeff
4c89fffd
4c4c4c4d
0000c34c
00000000
00000000
00000000
00000000
4c240000
4b4d4c4c
60fffe87
05007942
fffd2700
74fffbfe
00922700
fbffa400
feffffff
4cd3fffd
4d4c4c4b
0009834c
00000000
00000000
00000000
00000000
4d4c0200
4c4b4c4c
43fffed5
07008095
ffff3000
7bfffbfe
00c54c00
faffae00
fefefffe
7ffffefe
4c4c4d4b
00b14c4b
00000000
00000000
00000000
00000000
4b4c2600
814b4e4c
28fbfeff
06007dd9
fffd2800
93fffbfe
00de6500
fcffbf00
ffffffff
cdfffdfe
4c4c4c4c
02854c4d
00000000
00000000
00000000
00000000
4b4d4b00
d04c4b4c
27dbfffe
19007ff5
fffc2400
9efffbfe
00ed6f00
fcffd002
ffffffff
fffefefe
4c4d4b7c
af4c4b4c
00000000
00000000
00000000
00000000
4c4c4b20
ff7f4b4d
ebfffefe
87007dff
fdff410c
a7fffbfe
04f66d00
fdffde08
ffffffff
fffdffff
4c4c4ccc
8e4b4d4c
00000002
00000000
00000000
00000000
4c4c4e4b
ffc94c4c
fafefefc
b00080ff
fcff5410
aafffbfe
0cfa6600
fdffdc06
ffffffff
fffefeff
4d4c75fd
4f4b4c4c
000000a9
00000000
00000000
1e000000
4d4c4c4b
fdff774b
fafefefe
cc008aff
fcff600b
aafffbfe
17fc5600
fcffd400
ffffffff
fcfeffff
4d4cc0ff
4c4d4c4c
0000018e
00000000
00000000
4b000000
4c4c4c4d
fdffc84c
fbfefffe
da028aff
fbff6c11
acfffbfe
22fc4500
fcffce00
ffffffff
fefeffff
4b71fffe
4b4c4c4d
00008f51
00000000
00000000
4c240000
4c4d4c4c
fefffb73
fafffffe
ff256fff
fbff701d
b1fffbfe
2bff4700
fdffe407
ffffffff
feffffff
4cbffffd
4d4c4c4d
0000994c
00000000
00000000
4d4a0000
4c4d4c4c
fefcffbd
fffeffff
ff3a3fff
ffdc075f
c0fffcfd
1bff5200
fefff61a
ffffffff
feffffff
6bf8fffe
4c4c4d4b
005b584b
00000000
00000000
4c4b1900
6c4b4d4b
fefefdfd
fffbfefe
ffc723c3
ff9c58f2
b9fffbfb
3cff6300
fbffad00
fefefefe
fefefefe
b5fffbfe
4c4c4d4c
009d4c4d
00000000
00000000
4c4d4800
b84c4d4c
fffefcff
fffeffff
fefff8fd
ffffffff
83fffcfe
dfffe435
fcff9644
fffffffe
ffffffff
fafffeff
4c4c4b63
6f5a4c4c
00000000
00000000
4c4c4b14
a64c4d4c
f7f6f5fe
f6f6f7f7
f7f5f7f7
f7f5f3f6
f4f7f6f6
f9f5fbf6
f7f7f9fd
f7f7f7f7
f7f7f7f7
ebf8f6f7
4c4c4b5f
a64c4d4c
00000000
00000000
4c4c4d42
4d4b4b4c
6161615f
61616161
61616061
61616161
62616161
5f626061
6161615f
61616161
61616161
56626161
4c4c4b4b
604b4c4c
00000055
15000000
4c4c4c4b
4b4b4c4c
4b4b4b4c
4b4b4b4b
4b4b4b4b
4b4b4b4b
4b4b4b4b
4b4b4b4b
4b4b4b4b
4b4b4b4b
4b4b4b4b
4c4c4b4b
4c4c4b4c
4c4d4c4c
000000ac
3b000000
4c4c4c4d
4c4c4c4c
4c4c4c4c
4c4c4c4c
4c4c4c4c
4c4c4c4c
4c4c4c4c
4c4c4c4c
4c4c4c4c
4c4c4c4c
4c4c4c4c
4c4c4c4c
4c4c4b4c
4c4c4c4c
00004662
4b130000
4c4c4c4d
4c4c4c4c
4c4c4c4c
4c4c4c4c
4c4c4c4c
4c4c4c4c
4c4c4c4c
4c4c4c4c
4c4c4c4c
4c4c4c4c
4c4c4c4c
4b4b4c4c
4c4c4c4b
4c4c4c4c
0000c74c
4b2d0000
4c4c4b4d
4c4c4c4c
4c4c4c4c
4c4c4c4c
4c4c4c4c
4c4c4c4c
4c4c4c4c
4c4c4c4c
4c4c4c4c
4c4c4c4c
4c4c4c4c
4c4c4c4c
4c4c4c4c
4d4c4c4c
0007b64c
4c3c0000
4d4d4d4e
4d4d4d4d
4d4d4d4d
4d4d4d4d
4d4d4d4d
4d4d4d4d
4d4d4d4d
4d4d4d4d
4d4d4d4d
4d4d4d4d
4d4d4d4d
4d4d4d4d
4d4d4d4d
4b4d4d4d
0006da4c
5c230000
4b4b4b4c
4b4b4b4b
4b4b4b4b
4b4b4b4b
4b4b4b4b
4b4b4b4b
4b4b4b4b
4b4b4b4b
4b4b4b4b
4b4b4b4b
4b4b4b4b
4b4b4b4b
4b4b4b4b
4c4c4b4b
0000e298
11000000
abaaa8a1
abababab
abababab
abababab
abababab
abababab
abababab
abababab
abababab
abababab
abababab
abababab
abababab
cea9abab
000000a8
00000000
00000000
00000000
00000000
00000000
00000000
00000000
53000000
0000c758
00000000
00000000
00000000
00000000
00000000
00000000
00000000
00000000
00000000
00000000
00000000
00000000
00000000
00000000
3e090000
0043573e
00000000
00000000
00000000
00000000
00000000
00000000
00000000
00000000
00000000
00000000
00000000
00000000
00000000
00000000
4b350000
00a4394b
00000000
00000000
00000000
00000000
00000000
00000000
00000000
00000000
00000000
00000000
00000000
00000000
00000000
00000000
48421300
7c554348
00000000
00000000
00000000
00000000
00000000
00000000
00000000
00000000
00000000
00000000
00000000
00000000
00000000
00000000
464a3400
a1394a46
00000000
00000000
00000000
00000000
00000000
00000000
00000000
00000000
00000000
00000000
00000000
00000000
00000000
00000000
47484316
54434847
00000062
00000000
00000000
00000000
00000000
00000000
00000000
00000000
00000000
00000000
00000000
00000000
00000000
00000000
47464a37
394a4647
0000009f
00000000
00000000
00000000
00000000
00000000
00000000
00000000
00000000
00000000
00000000
00000000
00000000
20000000
47474843
43484747
00007753
00000000
00000000
00000000
00000000
00000000
00000000
00000000
00000000
00000000
00000000
00000000
00000000
37000000
4747464a
4a464747
00019e39
00000000
00000000
00000000
00000000
00000000
00000000
00000000
00000000
00000000
00000000
00000000
00000000
431b0000
47464748
48474647
00b45243
00000000
00000000
00000000
00000000
00000000
00000000
00000000
00000000
00000000
00000000
00000000
00000000
4a360000
46474646
46464746
059c394a
00000000
00000000
00000000
00000000
00000000
00000000
00000000
00000000
00000000
00000000
00000000
00000000
47441700
49454747
47474549
af504447
00000000
00000000
00000000
00000000
00000000
00000000
00000000
00000000
00000000
00000000
00000000
00000000
464a3700
9a394946
4649399a
9b394a46
00000002
00000000
00000000
00000000
00000000
00000000
00000000
00000000
00000000
00000000
00000000
00000000
4747441f
e8474547
474547e8
4f444747
000000a2
00000000
00000000
00000000
00000000
00000000
00000000
00000000
00000000
00000000
00000000
00000000
46464a37
ff90394a
4a3990e1
394a4646
00000198
00000000
00000000
00000000
00000000
00000000
00000000
00000000
00000000
00000000
00000000
20000000
47474744
fae34a45
454adfc4
44474747
0000b74e
00000000
00000000
00000000
00000000
00000000
00000000
00000000
00000000
00000000
00000000
38020000
4a46464a
eeff9239
398e22f5
4a46464a
00089739
00000000
00000000
00000000
00000000
00000000
00000000
00000000
00000000
00000000
00000000
441f0000
45474747
8afae54a
4abb7ff6
47474745
00bc4d44
00000000
00000000
00000000
00000000
00000000
00000000
00000000
00000000
00000000
00000000
4a380000
394a4646
fcfaff94
92d8fafc
46464a39
0696394a
00000000
00000000
00000000
00000000
00000000
00000000
00000000
00000000
00000000
00000000
47451e00
4c454747
fdfbfee7
e3fefdfd
4747454c
b04c4547
00000000
00000000
00000000
00000000
00000000
00000000
00000000
00000000
00000000
00000000
464a3802
97394a46
fefefcff
fffcfefe
464a3997
94394a46
00000004
00000000
00000000
00000000
00000000
00000000
00000000
00000000
00000000
00000000
47474521
e94d4547
fffefdff
fffdfeff
47454de9
4b454747
00000098
00000000
00000000
00000000
00000000
00000000
00000000
00000000
00000000
01000000
46464a39
ff99394a
fffefefc
fcfefeff
4a3999ff
394a4646
00000490
00000000
00000000
00000000
00000000
00000000
00000000
00000000
00000000
26000000
47474745
ffea4e44
fffffefd
fdfeffff
444eeaff
45474747
0000b94a
00000000
00000000
00000000
00000000
00000000
00000000
00000000
00000000
39030000
4a46464a
fcff9b39
fefefefe
fefeffff
399bfffc
4a46464a
00098e39
00000000
00000000
00000000
00000000
00000000
00000000
00000000
00000000
45200000
44474747
fcffeb50
fafdfffc
fefefdfb
4feafffd
47474744
00bd4945
00000000
00000000
00000000
00000000
00000000
00000000
00000000
00000000
4a390400
394a4646
fefaff9c
fffef1fc
fbfefffe
9dfff9fb
46464a39
0b8d394a
00000000
00000000
00000000
00000000
00000000
00000000
00000000
00000000
47462700
51444747
e7fffeed
61351b40
fffad49b
ecfffdfe
47474450
bb484647
00000000
00000000
00000000
00000000
00000000
00000000
00000000
00000000
46493904
9f394a46
1eeafeff
73aeeb65
4b27233f
ffecbf83
464a399e
8c3a4946
00000004
00000000
00000000
00000000
00000000
00000000
00000000
00000000
47474629
ec524348
3424ebff
fefeffff
8cc8f5ff
7d162d53
484351f5
48464747
000000b5
00000000
00000000
00000000
00000000
00000000
00000000
05000000
46464939
ffa1394a
a40035eb
fefefcff
feffffff
2de1fdfe
4a38b0be
3a494646
0000128a
00000000
00000000
00000000
00000000
00000000
00000000
25000000
48474746
eef55343
07040035
c28d5522
fefeffed
81fffbff
4351fd45
46474748
0000c546
00000000
00000000
00000000
00000000
00000000
00000000
39050000
4a464649
36ffa339
0200539a
00000000
ac743e12
b9fff9de
38ace700
4946464a
000f883a
00000000
00000000
00000000
00000000
00000000
00000000
46250000
43484747
21e7f754
04005bfb
04040301
00000000
7a642905
52ff7d00
47474842
00c04546
00000000
00000000
00000000
00000000
00000000
00000000
49390a00
394a4646
27c2ffa2
050026f2
00000002
02010000
01000000
a8fc1a00
46464a39
11863a49
00000000
00000000
00000000
00000000
00000000
00000000
47472800
57424847
1b9fffee
0000005a
99090000
000e3a7a
01040201
fe9d0c0b
47484253
be444747
00000000
00000000
00000000
00000000
00000000
00000000
46493a07
a8394a46
7460ffff
74b5e2ff
e2100636
0077ffff
00040207
ff2ed060
464a39a8
833a4946
00000011
00000000
00000000
00000000
00000000
00000000
4747472a
f3574248
198cfffe
d9a16f39
a6cdf5f9
003ba28f
00030002
ff31cb9a
484257f2
44474747
000000c0
00000000
00000000
00000000
00000000
05000000
4646493a
ffa9394a
56fffcfc
33653200
bf884f30
abdae7e3
00062c68
ff53768e
4a39aaff
3b494646
00001982
00000000
00000000
00000000
00000000
23000000
48474747
fff55a41
31fefffd
f9ff8000
4371aae2
ac6f4331
bceefce2
ff8b148b
415af5fc
47474748
0000c443
00000000
00000000
00000000
00000000
3a070000
4a464649
fcffac39
15ecfffd
faffa800
fffefeff
5389c3f3
a35d3332
ffae43ea
39acfff9
4946464a
0017803b
00000000
00000000
00000000
00000000
47270000
41484747
fefff65c
b0fffdfe
fdffed6c
fcfafcfd
fffefeff
0072e1fb
ffde1d06
5cf6fffc
47474841
00bf4247
00000000
00000000
00000000
00000000
493b0800
394a4646
fefcffae
40fffefe
fefbff7b
fefffeff
fbfbfcfe
0094fffa
fefeef2b
aefffcfe
46464a39
147f3b49
00000000
00000000
00000000
00000000
47482700
5d414847
fefefff6
009cfffb
fefcffc5
ffffffff
fffefeff
005ffffa
fefcff4b
f6fffefe
4748415d
c0414847
00000000
00000000
00000000
00000000
46493b08
af394a46
fefefcff
092ffffe
fefcfff1
fffffefe
fefffeff
0f81f4fe
fffbff87
fffcfefe
464a39af
7c3b4946
00000021
00000000
00000000
00000000
47474827
f85d4148
fefefeff
002bffff
fcfcffbd
fefffdfa
fffefffe
ffad29f8
fffefff7
fffefeff
48415ef8
41484747
000000be
00000000
00000000
05000000
4646493b
ffb2394a
fefffefc
0083fffb
ffed9c15
fefcfefe
fffbfeff
fffe1f6d
fffffefd
fcfeffff
4a39b2ff
3b494646
0000217a
00000000
00000000
25000000
48474748
fff96040
fefffefe
b9fcfffe
45030049
fcffde8f
f8fffeff
f8ff470e
fefefcfa
fefefefe
405ff8ff
48474748
0000be40
00000000
00000000
3b0a0000
49464649
fcffb439
fefffffe
fefdfeff
148ce7ff
ff8e0800
f7fffdfe
ffe60e19
fbfefffd
fefffefc
39b4fffc
49464649
0024793c
00000000
00000000
48280000
40484747
fefffb62
fffffffe
fbfefffe
e5fffdfc
ac000021
fffbfbff
65180084
fffad7a4
fffefcfe
62fbfffe
47474840
00bc3f48
00000000
00000000
493c0900
39494646
fefcffb7
ffffffff
fffeffff
fff7fdfe
5800008b
fffefbff
0647aafd
641b0000
fefdffc6
b7fffcfe
46464939
2f783c49
00000000
00000000
47482b00
63404847
fefefffb
ffffffff
ffffffff
fffcfeff
470000c3
fefefcff
f4fffefd
001c88cc
feff7100
fbfffefe
47484063
c43f4847
00000000
00000000
46493c09
b93a4946
fffefcff
ffffffff
ffffffff
fffcfeff
680000c8
fffefbff
fffcfbfe
3cf2fffd
ff9d0000
fffcfefb
46493ab9
753c4946
0000002d
00000000
47474827
fc653f48
fffefeff
ffffffff
ffffffff
fffbfeff
a200008c
fffffbff
fdfefffe
c9fff8fc
ff460006
fffefefc
483f65fc
3e484747
000000ba
0a000000
4646493c
ffb93949
fdfdfdfa
fdfdfdfd
fdfdfdfd
fafefcfd
de160a41
fdfdfbff
fdfdfdfd
ecfffcfd
ff3b0013
fafdfdfc
4939b9ff
3c494646
00003373
27000000
48474748
ffff6c3e
fffffffe
ffffffff
ffffffff
fcfffeff
fdecf4f7
fffffeff
ffffffff
f5fffeff
ff956078
fefffefd
3e6cffff
48474748
0000bd3e
3d070000
48474648
ddeaa73c
dfdfdfdf
dfdfdfdf
dfdfdfdf
e0dfdfdf
dfe4e3e3
dfdfdfdf
dfdfdfdf
e0dfdfdf
dfeaeeec
dfdfdfdf
3ca7eadd
48464748
002f723d
48220000
46474747
45454947
45454545
45454545
45454545
45454545
45444444
45454545
45454545
45454545
45434242
45454545
47494545
47474746
00c13c48
483c0100
47464746
46464546
46464646
46464646
46464646
46464646
46464646
46464646
46464646
46464646
46464646
46464646
46454646
46474647
1e723c48
47481b00
47474747
47474746
47474747
47474747
47474747
47474747
47474747
47474747
47474747
47474747
47474747
47474747
46474747
47474747
a5404847
46483f26
47474747
47474747
47474747
47474747
47474747
47474747
47474747
47474747
47474747
47474747
47474747
47474747
47474747
47474747
6c3f4846
47484652
47474747
47474747
47474747
47474747
47474747
47474747
47474747
47474747
47474747
47474747
47474747
47474747
47474747
47474747
52464847
43453970
43434343
43434343
43434343
43434343
43434343
43434343
43434343
43434343
43434343
43434343
43434343
43434343
43434343
43434343
70394543
56536c48
55555555
55555555
55555555
55555555
55555555
55555555
55555555
55555555
55555555
55555555
55555555
55555555
55555555
55555555
e16d5356
0604030a
03050302
03010102
01030102
01020508
05010304
08080605
090b0807
0b0b0a0d
03040609
03040201
0b080203
03030607
02020203
05040104
01030400
02000204
01010001
01010101
00030001
03070402
01040303
09080604
0a0a0a0b
0a0b0b0b
04060709
02020103
00010605
00020204
02030106
01010001
03010201
03030003
00030301
01020202
01010001
05000408
0a060205
4d644e15
4b525549
524b4d51
3755685f
03020a0d
0a050108
01010502
01020402
03030102
04010402
03030105
01040401
01020202
02010201
04030502
4e471208
584d5051
5e586066
5b646057
4b525150
0d5d6b54
03030605
0301040b
04000001
02020102
01000100
00000203
01020201
01030100
03020402
29090104
605d4c56
545b5e5d
5c5d5751
5455585e
5c605d56
5f514e5a
04033a80
02080308
02080101
01000100
03010402
03030101
00010101
01030100
04000203
4a3d270a
5857525e
5f5c5657
535d5e5c
605b575b
52565a5e
5c525a5e
4583464e
09000202
01020201
01010100
03010403
02030102
01020200
02040201
1e070304
61584c46
615a5863
5756595c
56565859
5856555a
5d5c5857
595c6055
555d585e
01025192
04010a03
02010100
01000102
00010101
03030202
04040203
451a0e05
5b605959
545d5c53
4b4d5757
61555757
53585b60
59574f4d
58545b5a
55585f56
07677347
01060304
01010101
03010100
02010103
05040201
04030105
5e563e09
595b5958
4b525c5c
b2936c4f
dcdbd7c8
c6d5dfe4
4e6b92b0
5f5a4f4f
58595a5b
ae50555d
01040206
00030303
01010302
01010001
04040101
09020201
5e585e52
584f595c
9f6c4a56
f7efe2d3
fbfcfcfa
fbfcfbfa
cfdeecf5
5150729d
545f5350
4d595856
01072a9a
00050202
02000103
03020204
01020102
41100106
5e505c5c
545d5655
f5e6bf72
f9fbfbf8
fbfdfcf9
fbfbfaf9
f5f7f9fb
75b3def7
60555857
5e635063
01288f4b
04010100
02060101
04030306
02020404
64470d02
58615057
a65b595e
f9f9f9eb
f6f9faf9
fcfbfaf7
f9fdfefe
fafbfaf8
e5fbfefb
535b5b9b
544d6e52
199c4f60
04010106
01030301
03010304
06040405
515f4e0c
545b6653
f3d07e4f
f9f6faf9
fbfefefb
f7f8f9fa
f9f8f8f9
fbfcfdfd
f9f8f0fa
517dd1f3
5b55585a
b6555d61
02050218
03010203
01000201
16050202
595f564b
545b5155
fbf8e4a5
fcfcf8f9
fdfdfcfb
fdfdfcfc
fefbfbfb
f8f9fbfd
fcfafefe
9ce1f8fa
5f595659
57545654
030713c9
01030205
02010204
36130302
67485f52
a6595466
fafbf1f2
fefafaf6
fcfcfdfd
fcfbfbfb
fefdfcfd
fbfcfcfd
f6fbf8fd
eef4fcf9
59625197
51685858
06058a76
02060404
02010406
50210704
515c5d5d
eba75557
f3f8fdfa
fcfcfbf8
fdfcfdfe
f9fafcfd
fdfdfdfd
fefdfcfd
fafdfefe
f9fff7f3
524da3df
5b555c60
06409849
0301040b
01080306
5c511a05
5f5a5257
fbf5a151
fefefefe
fefefefe
fdfefbfe
f9fefef7
fffdfbff
fdfcfefd
fefefefe
fefefefe
4f9ef6f7
555e5c5c
0dca4e57
05010302
05040203
58583002
51575d58
faf8e884
fefefefe
fefefefe
fbfaf9fe
cbf0fefe
f7fff3cd
fefaf9ff
fefefefe
fefefefe
7ce2f7fb
565c5e54
26805a5d
02000302
01020101
5e5c3e07
5e595a58
fbfdf9d5
fefefefe
fefefefe
fefcf2fb
28bafaf6
f7face2a
fbf5fdfc
fefefefe
fefefefe
d1f6fcfb
5e4f5b60
c24d4d62
04000202
03050304
575e5627
b04f5f54
f9f6f9f2
fefefefe
fefefefe
f8fcfefe
0922a8fc
fdbe1e15
fcfefff5
fefefefe
fefefefe
f2fbf8f9
5b574bb0
944e5f55
03030431
06060306
525b604b
ed735758
f6f8fef4
fefefefe
fefefefe
fefafafc
20171598
aa131520
fbfefbff
fefefefe
fefefefe
f4fdf9f5
555970ed
505c5a57
050102bb
0f040306
5c575253
fbc6485d
fbfcfbfb
fefefefe
fefefefe
8afeeffe
17231709
0f132413
fef4fa9e
fefefefe
fefefefe
faf8fcf7
594cbff8
4d5b505c
020619a7
3a070303
5d58545e
fbea7155
fefafaf9
fefefefe
fefefefe
036cfff0
1d151d1e
1f240f23
fafe8106
fefefefe
fefefefe
f9fbf9fd
576be4fb
585a545f
010a6e73
4a040103
585c5c59
f8f1b04a
f8fdfdf9
fefefefe
fefefefe
1e0f58fc
181a1d1f
1e171c1b
fc70141c
fefefefe
fefefefe
fafcfefd
4da1f1fb
5a5f5a57
0707c554
4a180204
5d5c5265
fbf6d65a
fafdfdf9
fff8fff9
eefffaf6
17210a4a
1e261516
1a172314
62011c19
fbfefff1
fcfef7fe
fcfafbfc
4ed2f9f9
5d58545e
080eb24c
50220502
525d5360
fdf9e478
f9fdfdfb
fbfffffb
3edeffff
16201b0e
0e14211d
1327111b
0f191d1c
fdffeb50
fcfcfefc
fffbfbfb
6ce0fbf9
60555c54
093b944c
57320a02
4960555a
fbfbf39f
f9fcfefb
f4fafdfc
1033ddfd
22131021
460f1915
1d0f2a1f
16191a1f
f8d6410c
fef7f8ff
fdfdfbfc
93eefbf8
6153634b
0881714e
59440b05
4c615959
f9f9f9be
fbfcfbf8
fef9feff
220d1fc9
21172418
ee70140f
13171bc5
1a23191f
dd350425
fefcfefd
fcfcfbfd
b3f6f9f6
5d56604d
07bc5f52
56510c08
565d5b5b
f8f9fbd4
fcfdf9f7
b8fdfbf4
1d1b0f1a
0f1f1819
fffab959
122fd3fb
1918191e
25162318
f6fafcc2
fbfcfafe
c8fbfaf7
585c5655
03d05a58
55560e08
60585a5d
f9fcfcdf
fcfcfaf9
16a6f5ff
15212311
3a091d1f
f6fffbec
37def6f7
1b201811
11152210
fffda820
fbfdfbfe
d7fefcfa
575f515c
05c9555c
57511305
65555a5c
f9fdfce8
fdfbfafb
100fa4f0
210f182c
481d1c1b
fff8fefb
8ef5fcfe
18191e16
201c0c27
f7952218
fbfefbfe
dffefcfc
585a565f
18c14d5f
5b4a1f03
6755595b
f7fdfbeb
fcfbf8fd
13090072
1a1a1907
420b201a
fbf5ffff
95fff8ff
201f1c0b
07101816
7f0e010c
fafcfbfd
e2fdf9fd
5a545e5f
2fc14760
554e1b08
69555b5f
fdfafaeb
ccf7fbfc
6c797067
1f0b5380
44131b1a
fefcffff
90fdfefe
1d1c1d0c
727d1f19
637c7971
fcfef9d8
e5fafafa
5e585763
37c04a5b
5a502007
63575659
fffafae5
ebfdf8fa
fdffffff
161290f9
44131b1a
fefcffff
90fdfefe
1d1c1d0c
fff04f19
f6fefefe
fcfdffef
e0fafafb
5d53575e
2cc15159
604e1c08
5f5b565a
fdfbfce1
fefef4f9
f7f5f3fa
1b0d8efe
44131b1a
fefcffff
90fdfefe
1d1c1d0c
fff54003
fefef9f7
faf8fefd
dafbfafd
5d535957
15c85657
5d4d0f0a
595b585f
f9f6fdd9
fbfef7f9
f5fbfeff
1c0c90ff
44131b1a
fefcffff
90fdfefe
1d1c1d0c
ffff4b17
fefbfcf9
faf6fbfc
cbfaf9fb
5c5b5b52
05d45855
535a0b08
5059595e
f4f2fabf
f8fefdf9
f8fffef6
1b0b91ff
44131b1a
fefcffff
90fdfefe
1d1c1d0c
fffd3f0b
fefbfefc
fbfafafb
b2f6f8f7
59615b50
06dd6053
4e6d0a06
4d5b5a5a
f4f7f69b
fbfdfef9
f5fcfdfb
230a8afc
44131b1a
fefcffff
90fdfefe
1d1c1d0c
fdfe4515
fefefefe
fcfbfafa
95f1f7f7
575f5851
09cc7851
4f6b0905
535f595c
f9f8eb75
fcfafcfb
fcffffff
1c0a8cff
44131b1a
fefcffff
90fdfefe
1d1c1d0c
fcfa4311
f6fcfcfe
fdfbf9fa
71e4f6fa
5c585956
0894964f
515a0607
585e5661
fbf5dd58
f9f8fcfe
f7fffffe
190f92fe
44131b1a
fefcffff
90fdfefe
1d1c1d0c
ffff460d
fefef6fd
fdfbfafc
50d5f3fd
63525b5a
065faa4f
492d0306
5d585c5b
f7f3b449
f8fdfbff
f5fffcfa
210197ff
430f1b1b
fffafffd
8ffafefc
1d171714
f7ff3f15
fefbfdfe
fbfffffb
4ba9f3f9
5f5f5358
051cd04b
660a0504
5c5f555b
f9ed7b4e
f9fefbf9
f8fffcff
230493fd
4917201a
fefbfefa
8bfefdfa
20201d0e
ffff4612
fcfef9fe
f8f7fdfd
4f72e9fa
58535f61
0307dc6e
66030203
5561574c
f9ca4a5c
fbfefcfb
fdfffbfc
1c0593ff
42101a13
fefcfff8
8afef8fd
151c1b07
fff7440d
f8fefcfe
faf5fcf8
5e45bdfc
4d535c57
0307bfa6
40080302
5754634e
ee794f5d
fbf2fdf4
fbfefef8
220e99ff
4014201a
fff9fdfe
92fef3fe
1c201f0d
fcfb4116
f8fefefe
f6fdf2f6
614d6fee
49625f53
060143d9
08040503
5b585375
b3525e55
faf6faf4
f9f9fffd
1f0990ff
3f121e19
fff7fcff
90fef7fc
1f1f1909
fbff3810
fef6fefd
f4fef5f6
5a5a50ae
884b605b
070105f4
03010104
57625159
64516058
f9fcf4dd
fffafffc
110485fd
41060e10
fdfefffa
89fafefc
11131008
fdfd3806
fef4fefe
daf6fcf6
5b5b5360
cc4c4c61
021102b8
0d040104
5759730c
564f615a
faf7e48e
fffefdf9
6662b3fc
8a5c6565
fbfffff6
b5f8fefe
63666b63
fef68563
fefdfdfd
88e1f7f9
5c5b4f56
f279585b
03000319
04090406
5a567c03
56625457
fbf0b153
f5fefffe
fef8fffc
fdf7fef8
fdfef7ff
fefef8fd
fffeffef
fffff8fc
f6fefaf9
4ea7f4f8
5950605d
d4ca4f59
0b000409
06010401
56810309
5a575d59
e7b6545b
f6f7fdf9
fdfbfafa
fbfaf9f9
fefdfbfb
fbfcfdfc
fbfaf9fb
f7f5f8fe
f5fdfcf8
574dace1
5b5d5b60
30f3894a
0901060a
06030104
57580203
5e526b57
bb525557
f9fefaed
f9fdfdf1
fafafbfc
fdfcfbfa
fbfcfdfd
fdfbfafb
f3fcfcf3
f5f8fcf1
4f5669aa
5364455c
1a7ae574
03050206
020c0107
94020205
5e545054
4f615660
fcf2e3b9
fcfdfcfe
fcfcfcfc
fcfcfbfb
fcfbfcfd
fcfcfcfc
fef4fbfe
b1e1f4fe
684a4d56
525a5963
0a16d1c4
02040202
03030703
04030303
515c5798
56515f5b
f3de8b46
fbfbfcee
f9fbfdfc
f8f9f9f8
f7f7f8f8
fdfffcf9
f2fcfbfb
4384daf3
586b545b
a7535e49
021231f3
03010305
01020203
02030400
5e4e9013
67565955
b1655c5b
faf7f8f0
f4f6f9fa
fcfdfbf7
f7fbfcfb
fafaf7f5
f0faf7f9
60595dac
54595b63
f29b535f
02060d27
02020003
01020005
01040302
4a810906
54525a5f
5258565a
f6f1ce7c
f8fafaf9
f8fafaf8
f8fbfbf9
f8f9f8f8
77c7eef7
58575c52
5f5c485c
2ef19746
0005030a
01050202
02020104
01030001
8f250501
58725353
59575d55
b4774850
fbf3e6d8
fafbfcfd
fefdfcfb
d8e5f2f9
545075a5
595b5054
4a656b4d
0a20f39b
03020302
01010402
02050101
01040301
08050105
604d599f
57555860
4c556260
c0a27a5b
ece8e0d4
d4e0e8e9
5c79a0bf
56595450
565b5e58
ae4a5263
010817ef
00000301
02010004
02020101
01020201
03030102
5356bc12
555e565d
59595e57
4f505050
6b615d56
57606668
54504d50
55595e56
5859585d
f2d0664a
01020314
00020201
01000202
00030201
01010101
04020409
81cf0501
66545c4c
595c5859
5f5e5863
4f5a5652
59585553
625f5b59
57555468
5956565b
14dee28c
01050006
01020200
01010100
01000202
04010200
05010a06
33050402
4c4275ba
5f565761
565a5a53
5b5c5b57
57565a5e
51555959
69604f51
ca7b4c50
020b6af1
00010402
02010000
04020002
01020105
04010201
03010108
04020105
77c2a208
575a524d
5959615a
6154565f
5b585858
5d5e5f5e
47466265
d3efc688
0401020c
01010002
02010000
04020102
02020104
01020101
05020201
06040000
c4030203
4d6597d1
5a54524d
5564605c
62645d56
4f4e5159
d7996a49
0905c5ef
06020406
01030102
01010101
02010001
01000101
02010303
01010303
07020801
04070306
c6d84401
57668ea2
524c4550
47454d54
9f8d7157
5de7e6c7
0603030d
00020206
000a0101
01000101
01010101
00010103
01000101
01010102
01020101
01010102
04020402
d6d39115
adb9c4d0
d2c4b6af
a0b3ccd7
01060218
03020001
02000102
02010305
02020100
04020002
02010305
00010202
02020101
01000203
05020506
08040003
06070d08
06050106
05020305
08080706
04010306
06020504
01060305
01040203
03030301
04040101
00000000
00000000
00000000
00000000
00000000
00000000
00000000
46030000
00004746
00000000
00000000
00000000
00000000
00000000
00000000
00000000
00000000
00000000
00000000
00000000
00000000
00000000
00000000
47420b00
003e4647
00000000
00000000
00000000
00000000
00000000
00000000
00000000
00000000
00000000
00000000
00000000
00000000
00000000
00000000
47470c00
00464747
00000000
00000000
00000000
00000000
00000000
00000000
00000000
00000000
00000000
00000000
00000000
00000000
00000000
00000000
47473e0f
43464747
00000000
00000000
00000000
00000000
00000000
00000000
00000000
00000000
00000000
00000000
00000000
00000000
00000000
00000000
4747470e
47474747
00000000
00000000
00000000
00000000
00000000
00000000
00000000
00000000
00000000
00000000
00000000
00000000
00000000
1c000000
47474742
47474747
00000042
00000000
00000000
00000000
00000000
00000000
00000000
00000000
00000000
00000000
00000000
00000000
00000000
14000000
47474747
47474747
00000047
00000000
00000000
00000000
00000000
00000000
00000000
00000000
00000000
00000000
00000000
00000000
00000000
3e0d0000
47474747
47474747
00003f47
00000000
00000000
00000000
00000000
00000000
00000000
00000000
00000000
00000000
00000000
00000000
00000000
470d0000
47474747
47474747
00004647
00000000
00000000
00000000
00000000
00000000
00000000
00000000
00000000
00000000
00000000
00000000
00000000
47430000
47464747
47474647
003f4647
00000000
00000000
00000000
00000000
00000000
00000000
00000000
00000000
00000000
00000000
00000000
00000000
47471500
46474647
47464746
00464747
00000013
00000000
00000000
00000000
00000000
00000000
00000000
00000000
00000000
00000000
00000000
00000000
4747410f
4a454747
4747454a
42474747
00000000
00000000
00000000
00000000
00000000
00000000
00000000
00000000
00000000
00000000
00000000
00000000
4747470e
9b394946
4649399b
46474747
00000b00
00000000
00000000
00000000
00000000
00000000
00000000
00000000
00000000
00000000
00000000
1a000000
47474742
ea494547
474549ea
46474747
0000003e
00000000
00000000
00000000
00000000
00000000
00000000
00000000
00000000
00000000
00000000
11000000
46474747
ff933a49
493a93ff
47474746
00000047
00000000
00000000
00000000
00000000
00000000
00000000
00000000
00000000
00000000
00000000
400a0000
47474747
ffe54b45
454be6ff
47474747
00003d46
00000000
00000000
00000000
00000000
00000000
00000000
00000000
00000000
00000000
00000000
470a0000
4a464747
fcff953a
3a95fffc
4747464a
00004647
00000000
00000000
00000000
00000000
00000000
00000000
00000000
00000000
00000000
00000000
47420000
44474747
fdffe74d
4de7fffd
47474744
003b4647
00000000
00000000
00000000
00000000
00000000
00000000
00000000
00000000
00000000
00000000
47470e00
3a4a4647
fefcff97
97fffcfe
47464a3a
00464747
00000000
00000000
00000000
00000000
00000000
00000000
00000000
00000000
00000000
00000000
47473f0f
4e444747
fefdffe9
e9fffdfe
4747444e
3d464747
00000000
00000000
00000000
00000000
00000000
00000000
00000000
00000000
00000000
00000000
47474712
99394a46
fefefcff
fffcfefe
464a3999
46474747
00000800
00000000
00000000
00000000
00000000
00000000
00000000
00000000
00000000
1a000000
47474742
ea4f4447
fffefdff
fffdfeff
47444fea
46474747
0000003e
00000000
00000000
00000000
00000000
00000000
00000000
00000000
00000000
14000000
46474747
ff9b394a
fffefefc
fcfefeff
4a399bff
47474746
00000046
00000000
00000000
00000000
00000000
00000000
00000000
00000000
00000000
400c0000
47474747
ffeb5044
fffffefd
fdfeffff
4450ebff
47474747
00003f46
00000000
00000000
00000000
00000000
00000000
00000000
00000000
00000000
470c0000
4a464747
fcff9d39
fffffefe
fefeffff
399dfffc
4747464a
00004647
00000000
00000000
00000000
00000000
00000000
00000000
00000000
00000000
47431600
44484747
fdffec51
fffffffe
feffffff
51ecfffd
47474844
003c4747
00000000
00000000
00000000
00000000
00000000
00000000
00000000
00000000
47471000
394a4647
fefbff9f
fffffefe
feffffff
9ffffcfe
47464a39
00474747
00000000
00000000
00000000
00000000
00000000
00000000
00000000
00000000
47474200
52434847
fffdffee
fbfafcfe
fefefffd
eefffdfe
47484352
40464747
00000000
00000000
00000000
00000000
00000000
00000000
00000000
00000000
4747470f
a1394a46
fafafbff
fffeffff
fffcfbfe
fffcfeff
464a39a1
47474747
00000900
00000000
00000000
00000000
00000000
00000000
00000000
17000000
47474743
ec544348
211fc2ff
b376492e
fcfeffef
fffdfffc
484354ef
47474747
0000003d
00000000
00000000
00000000
00000000
00000000
00000000
16000000
46474747
ffa1394a
010019da
00000000
ffcf6212
fcfefbfd
4a39a3ff
47474746
00010047
00000000
00000000
00000000
00000000
00000000
00000000
43000000
48474747
ebf45443
0104002e
02040302
56010000
fdfbffdf
4355f0ff
47474748
00004147
00000000
00000000
00000000
00000000
00000000
00000000
47000000
4a464747
9fffa139
00000500
00000000
00020301
fcff990b
39a5fffb
4747464a
00004647
00000000
00000000
00000000
00000000
00000000
00000000
47420000
42484747
fffff256
0406006a
00000203
03000000
fb600002
56f2fffd
47474842
003f4747
00000000
00000000
00000000
00000000
00000000
00000000
47471800
3a4a4647
fefbffa7
02004bfe
03000000
00000002
47000401
a8fffcf6
47464a39
00464747
00000001
00000000
00000000
00000000
00000000
00000000
47474111
58424847
fdfefff3
6672eaff
00052c53
00010300
00050000
f2fffb4a
47484258
3f474747
00000000
00000000
00000000
00000000
00000000
00000000
47474713
a93a4a46
fffefcff
fefffdfe
8eddfdfe
02020026
05000000
ffff6600
464a3aa9
46474747
00000000
00000000
00000000
00000000
00000000
00000000
47474742
f4594248
fefefeff
fbfafeff
fffefefb
000f94fa
00000003
ff9b0004
484259f1
47474747
0000003d
00000000
00000000
00000000
00000000
17000000
46474747
ffab3a49
fffffefc
fefeffff
fafdfefe
34dffffc
00000300
db110001
493aa9ff
47474746
00020046
00000000
00000000
00000000
00000000
420a0000
48474747
fff55b41
fffffefe
ffffffff
fffeffff
f6fffafe
00030047
59000300
415af3ff
47474748
00004047
00000000
00000000
00000000
00000000
470c0000
49464747
fcffad3a
fffffffe
ffffffff
ffffffff
fffcfffe
020039f6
00010000
3aabffc2
47474649
00004647
00000000
00000000
00000000
00000000
47430000
41484747
fefff65c
fffffffe
ffffffff
ffffffff
fcfffeff
0014ddff
00030001
5cf4ff56
47474841
00404747
00000000
00000000
00000000
00000000
47471600
3a494647
fefcffaf
ffffffff
ffffffff
ffffffff
fffeffff
009cfffa
00000002
adffd909
4746493a
00474747
00000002
00000000
00000000
00000000
47474210
5d414847
fefefff7
ffffffff
ffffffff
ffffffff
feffffff
38fefdfe
03000200
f3ff8b00
4748415d
3e474747
00000000
00000000
00000000
00000000
47474711
b13a4946
fffefcff
ffffffff
ffffffff
ffffffff
ffffffff
a6fffbfe
02000200
ffff4000
46493ab1
47474747
00000000
00000000
00000000
00000000
47474742
f85f4148
fffefeff
ffffffff
ffffffff
ffffffff
ffffffff
f2fffefe
0101001d
ffe70f00
48415ff7
47474747
00000040
00000000
00000000
19000000
46474747
ffb33a49
fffffefc
ffffffff
ffffffff
ffffffff
ffffffff
fffbfeff
0003005f
ffbe0001
493ab3ff
47474746
00000046
00000000
00000000
43010000
48474747
fff96040
fffffefe
ffffffff
ffffffff
ffffffff
ffffffff
fffbfeff
0003009c
ff960003
4060f9fb
47474748
00003e47
00000000
00000000
47160000
49464747
fcffb53a
fffffffe
ffffffff
ffffffff
ffffffff
ffffffff
fffcfeff
000100c7
ff760004
3ab5fff8
47474649
00004647
00000000
00000000
47440000
40484747
fefffa62
fffffffe
ffffffff
ffffffff
ffffffff
ffffffff
fffdffff
030005de
ff610005
62fafffa
47474840
00404747
00000000
00000000
47471f00
3a494647
fefcffb7
ffffffff
ffffffff
ffffffff
ffffffff
ffffffff
fffdffff
00000de8
ff570004
b7fffcfb
4746493a
00464747
00000000
00000000
47474402
63404847
fefefffb
ffffffff
ffffffff
ffffffff
ffffffff
ffffffff
fffdffff
7f0012ea
ff590049
fbfffefb
47484063
40474747
00000000
00000000
4747471a
b93b4946
fffefcff
ffffffff
ffffffff
ffffffff
ffffffff
ffffffff
fffdffff
ff6503ed
ff4f15e9
fffcfefb
46493bb9
47474747
00000000
00000000
47474743
fc653f48
fffefeff
ffffffff
ffffffff
ffffffff
ffffffff
ffffffff
fffdffff
fbfc61df
ff6cc7ff
fffefefc
483f65fc
47474747
00000045
00000000
46474747
ffba3a49
fdfdfdfb
fdfdfdfd
fdfdfdfd
fdfdfdfd
fdfdfdfd
fdfdfdfd
fefdfdfd
fcfdf4f7
fcf0fdfc
fbfdfdfd
493abaff
47474746
00000046
44000000
48464747
ffff6b3e
fffffffe
ffffffff
ffffffff
ffffffff
ffffffff
ffffffff
ffffffff
ffffffff
ffffffff
feffffff
3e6bffff
47474648
00004247
470c0000
48474747
e5f3ae3d
e8e8e8e8
e8e8e8e8
e8e8e8e8
e8e8e8e8
e8e8e8e8
e8e8e8e8
e8e8e8e8
e8e8e7e8
e8e7e8e8
e8e8e8e8
3daef3e5
47474748
00004747
473a2b00
46474747
4b4a4d47
4b4b4b4b
4b4b4b4b
4b4b4b4b
4b4b4b4b
4b4b4b4b
4b4b4b4b
4b4b4b4b
4b4b4b4b
4b4b4b4b
4b4b4b4b
474d4a4b
47474746
00424747
47470a00
47464747
45454446
45454545
45454545
45454545
45454545
45454545
45454545
45454545
45454545
45454545
45454545
46444545
47474647
00474747
47472b01
47474747
47474746
47474747
47474747
47474747
47474747
47474747
47474747
47474747
47474747
47474747
47474747
46474747
47474747
3b474747
47474746
47474747
47474747
47474747
47474747
47474747
47474747
47474747
47474747
47474747
47474747
47474747
47474747
47474747
47474747
46474747
47474746
47474747
47474747
47474747
47474747
47474747
47474747
47474747
47474747
47474747
47474747
47474747
47474747
47474747
47474747
46474747
46464746
46464646
46464646
46464646
46464646
46464646
46464646
46464646
46464646
46464646
46464646
46464646
46464646
46464646
46464646
46474646
47474645
47474747
47474747
47474747
47474747
47474747
47474747
47474747
47474747
47474747
47474747
47474747
47474747
47474747
47474747
45464747
00000000
00000000
00000000
00000000
00000000
00000000
00000000
00000000
00000000
00000000
00000000
00000000
00000000
00000000
00000000
00000000
00000000
00000000
00000000
00000000
00000000
00000000
00000000
23000000
00009348
00000000
00000000
00000000
00000000
00000000
00000000
00000000
00000000
00000000
00000000
00000000
00000000
00000000
00000000
48200000
00994f48
00000000
00000000
00000000
00000000
00000000
00000000
00000000
00000000
00000000
00000000
00000000
00000000
00000000
00000000
4b470000
0492484b
00000000
00000000
00000000
00000000
00000000
00000000
00000000
00000000
00000000
00000000
00000000
00000000
00000000
00000000
48482000
c84f4848
00000000
00000000
00000000
00000000
00000000
00000000
00000000
00000000
00000000
00000000
00000000
00000000
00000000
00000000
484a4700
93484a48
00000001
00000000
00000000
00000000
00000000
00000000
00000000
00000000
00000000
00000000
00000000
00000000
00000000
00000000
48484822
4e484848
000000b7
00000000
00000000
00000000
00000000
00000000
00000000
00000000
00000000
00000000
00000000
00000000
00000000
00000000
48484a47
484a4848
00000095
00000000
00000000
00000000
00000000
00000000
00000000
00000000
00000000
00000000
00000000
00000000
00000000
24000000
48484848
48484848
0000b24f
00000000
00000000
00000000
00000000
00000000
00000000
00000000
00000000
00000000
00000000
00000000
00000000
47000000
4848484a
4a484848
00009548
00000000
00000000
00000000
00000000
00000000
00000000
00000000
00000000
00000000
00000000
00000000
00000000
48230000
48484848
48484848
00b55048
00000000
00000000
00000000
00000000
00000000
00000000
00000000
00000000
00000000
00000000
00000000
00000000
4a470000
4a484848
4848484a
0095484a
00000000
00000000
00000000
00000000
00000000
00000000
00000000
00000000
00000000
00000000
00000000
00000000
48481c00
48494848
48484948
b3504848
00000000
00000000
00000000
00000000
00000000
00000000
00000000
00000000
00000000
00000000
00000000
00000000
484a4700
96484948
48494896
97484a48
00000000
00000000
00000000
00000000
00000000
00000000
00000000
00000000
00000000
00000000
00000000
00000000
4848481a
ff714849
49486fff
51484848
00000084
00000000
00000000
00000000
00000000
00000000
00000000
00000000
00000000
00000000
00000000
00000000
48484a47
ffc54849
4948c5ff
484a4848
00000097
00000000
00000000
00000000
00000000
00000000
00000000
00000000
00000000
00000000
00000000
23000000
49484848
fefe6f48
486ffefe
48484849
00009a52
00000000
00000000
00000000
00000000
00000000
00000000
00000000
00000000
00000000
00000000
47000000
4948484a
fcffc348
48c3fffc
4a484849
00009748
00000000
00000000
00000000
00000000
00000000
00000000
00000000
00000000
00000000
00000000
481d0000
48494848
fefeff6f
6ffffefe
48484948
00965348
00000000
00000000
00000000
00000000
00000000
00000000
00000000
00000000
00000000
00000000
4a470000
48494848
fefcffc2
c2fffcfe
48484948
0097484a
00000000
00000000
00000000
00000000
00000000
00000000
00000000
00000000
00000000
00000000
48481c00
6f484948
fefefeff
fffefefe
4849486f
8f534848
00000000
00000000
00000000
00000000
00000000
00000000
00000000
00000000
00000000
00000000
484a4600
c1484948
fffefcff
fffcfeff
484948c1
99484a48
00000000
00000000
00000000
00000000
00000000
00000000
00000000
00000000
00000000
00000000
4848481f
fe704849
fffefefe
fefefeff
494870fe
52484848
0000006e
00000000
00000000
00000000
00000000
00000000
00000000
00000000
00000000
00000000
48484a47
ffc04849
fffffefc
fcfeffff
4948c0ff
484a4848
0000009a
00000000
00000000
00000000
00000000
00000000
00000000
00000000
00000000
1e000000
49484848
fefd6f48
fffffefe
fefeffff
486ffdfe
48484849
00007a53
00000000
00000000
00000000
00000000
00000000
00000000
00000000
00000000
46000000
4948484a
fcffbf48
fffffffe
feffffff
48bffffc
4a484849
00009b48
00000000
00000000
00000000
00000000
00000000
00000000
00000000
00000000
481c0000
48494848
fefefd6e
fefffffe
fefefeff
6efdfefd
48484948
00825348
00000000
00000000
00000000
00000000
00000000
00000000
00000000
00000000
4a470000
48494848
fefcffc0
fcfefffe
fffefbfb
c0fffbff
48484948
009c484a
00000000
00000000
00000000
00000000
00000000
00000000
00000000
00000000
48481500
6d484948
fffefffc
fffdfbfe
fbfefffe
fcfdfcfb
4849486d
7c534848
00000000
00000000
00000000
00000000
00000000
00000000
00000000
00000000
484a4700
bf484948
fcfffcff
d8fffffd
2c3a5996
fff14e24
484948be
9d484a48
00000000
00000000
00000000
00000000
00000000
00000000
00000000
00000000
4848481d
fc6c4849
fefbfeff
0640b1fd
00000000
ff520002
49486bfd
54484848
0000007d
00000000
00000000
00000000
00000000
00000000
00000000
00000000
48484a47
ffbf4849
cefffbfb
0000003d
02020303
5c000402
4947bfff
484a4848
0000009c
00000000
00000000
00000000
00000000
00000000
00000000
17000000
49484948
fefd6a48
048cfffb
00030300
01000000
39000400
4869fdfb
48494849
00008755
00000000
00000000
00000000
00000000
00000000
00000000
46000000
4948484a
fbffbe48
030061fc
00000002
00000303
f0340002
48befffe
4a484849
00009d48
00000000
00000000
00000000
00000000
00000000
00000000
48170000
48494849
fefdfd6a
01040055
00030000
0e040000
ffe62d06
6afdfffc
49484948
007c5648
00000000
00000000
00000000
00000000
00000000
00000000
4a450000
48494848
6efffebd
00000500
06000201
ead6a04f
fdfff4e7
bdfffcff
48484948
009e484a
00000000
00000000
00000000
00000000
00000000
00000000
49481b00
6b484948
0098fff8
01000003
d8560001
fefefeff
fffdfeff
fcfffefe
4849486b
73554849
00000000
00000000
00000000
00000000
00000000
00000000
484a4700
bb484948
000fd8ff
00020001
feffac0e
fdfcfbfc
fefffefd
fffcfeff
484948bc
9f484a48
00000000
00000000
00000000
00000000
00000000
00000000
4849481c
fa6b4849
030051ff
1b000200
fcfaffd0
fffeffff
ffffffff
fffefeff
49486bfb
56484948
00000067
00000000
00000000
00000000
00000000
00000000
48484a46
ffb84849
000100b8
cf0f0001
fffefaff
fffffffe
ffffffff
fcfeffff
4948bbff
484a4848
000000a1
00000000
00000000
00000000
00000000
18000000
49484948
fff96948
00030048
ffab0001
fefefffa
ffffffff
ffffffff
fefeffff
4869fbff
48494849
00007256
00000000
00000000
00000000
00000000
45000000
4948484a
ceffb748
03000003
faff6300
fffffeff
ffffffff
ffffffff
feffffff
48bafffc
4a484849
0000a148
00000000
00000000
00000000
00000000
48180000
48494849
7bfff769
00010300
fdffe211
fffffeff
ffffffff
ffffffff
feffffff
6afbfffe
49484948
00665648
00000000
00000000
00000000
00000000
4a470000
484a4848
31fdffba
00030200
fffbff71
fffffffe
ffffffff
ffffffff
ffffffff
bbfffcfe
48484a48
00a2484a
00000000
00000000
00000000
00000000
49482100
69484948
04d9fff8
01000100
fefcffcf
ffffffff
ffffffff
ffffffff
ffffffff
fafffefe
48494869
7b564849
00000000
00000000
00000000
00000000
484a4600
ba484a48
00a7fffe
3a000202
fefefeff
ffffffff
ffffffff
ffffffff
ffffffff
fffcfeff
484a48ba
a3484a48
00000000
00000000
00000000
00000000
48494819
fa674849
0080fffc
7b000403
fffefbff
ffffffff
ffffffff
ffffffff
ffffffff
fffefeff
494867fa
57484948
0000006e
00000000
00000000
00000000
48484a46
ffb94849
0054fff9
b2000203
fffefbff
ffffffff
ffffffff
ffffffff
ffffffff
fcfeffff
4948b9ff
474a4848
000000a3
00000000
00000000
1d000000
49484948
fffa6648
0043fffc
d3000106
fffffcff
ffffffff
ffffffff
ffffffff
ffffffff
fefeffff
4866faff
48494849
00006459
00000000
00000000
45000000
4948484a
fcffb948
0039fffe
e7120003
fffffdff
ffffffff
ffffffff
ffffffff
ffffffff
feffffff
48b9fffc
4a484849
0000a348
00000000
00000000
481f0000
48494849
fdfff965
0037fffe
f20f3497
fffffdff
ffffffff
ffffffff
ffffffff
ffffffff
feffffff
65f9fffe
49484948
00515948
00000000
00000000
4a470000
484a4848
fefcffb7
7c2efffe
e82bd0ff
fffffdff
ffffffff
ffffffff
ffffffff
ffffffff
ffffffff
b7fffcfe
48484a48
00a4484a
00000000
00000000
49482200
66484948
fefefff9
fdaaf6ff
e1c2fffa
fffffdff
ffffffff
ffffffff
ffffffff
ffffffff
ffffffff
f9fffefe
48494866
6f584849
00000000
00000000
484a4500
b7484948
fcfcfaff
fbfdfcfc
fdfcfbfc
fcfcfcfc
fcfcfcfc
fcfcfcfc
fcfcfcfc
fcfcfcfc
fcfcfcfc
fffafcfc
484948b7
a4484a48
00000000
00000000
4849481b
df494848
fffffdff
fffeffff
ffffffff
ffffffff
ffffffff
ffffffff
ffffffff
ffffffff
ffffffff
fffdffff
484848df
5a484948
0000005c
00000000
48484a43
84484948
c7c7c59a
c7c7c7c7
c7c7c7c7
c7c7c7c7
c7c7c7c7
c7c7c7c7
c7c7c7c7
c7c7c7c7
c7c7c7c7
ccc5c7c7
48494884
484a4848
000000a5
1a000000
48484948
48484848
48484848
47474748
47474747
48484847
48484848
48484848
48484848
48484848
48484848
48484848
48484848
48494848
0000505a
41000000
4848484a
49484848
49494949
49494949
49494949
49494949
49494949
49494949
49494949
49494949
49494949
49494949
48484849
4a484848
0000a548
48190000
48484849
48484848
48484848
48484848
48484848
48484848
48484848
48484848
48484848
48484848
48484848
48484848
48484848
49484848
00615948
4a420000
48484848
48484848
48484848
48484848
48484848
48484848
48484848
48484848
48484848
48484848
48484848
48484848
48484848
48484848
00b0474a
4c481400
49494949
49494949
49494949
49494949
49494949
49494949
49494949
49494949
49494949
49494949
49494949
49494949
49494949
49494949
3497484c
4a472300
48484848
48484848
48484848
48484848
48484848
48484848
48484848
48484848
48484848
48484848
48484848
48484848
48484848
48484848
55b9474a
5b9a0000
5d5d5d5d
5d5d5d5d
5d5d5d5d
5d5d5d5d
5d5d5d5d
5d5d5d5d
5d5d5d5d
5d5d5d5d
5d5d5d5d
5d5d5d5d
5d5d5d5d
5d5d5d5d
5d5d5d5d
5d5d5d5d
00009a5b
00000000
00000000
00000000
00000000
00000000
00000000
00000000
00000000
00000000
00000000
00000000
00000000
00000000
00000000
00000000
00000000
00000000
00000000
00000000
00000000
04010000
06060105
01060202
02020602
0409080d
02020204
02030401
04010304
00000000
00000000
00000000
00000000
00000000
00000000
00000000
00000000
02010101
03040102
01010701
0402020a
04010a11
03020604
02010202
01010102
00000000
00000000
00000000
00000000
00000000
00000000
00000000
00000000
01010101
01000000
00020302
290b0705
05387353
02030401
02030102
02000201
00000000
00000000
00000000
00000000
00000000
00000000
00000000
00000000
03030201
04030201
05020104
451a0701
2175454c
04010904
01030202
03000303
00000000
00000000
00000000
00000000
00000000
00000000
00000000
00000000
03040201
04050301
06010301
584b080a
ae455759
01040209
02020201
01010302
00000000
00000000
00000000
00000000
00000000
00000000
00000000
00000000
02020201
02030201
04010402
4a4d1303
684c4f4b
03040340
02040103
01010101
00000000
00000000
00000000
00000000
00000000
00000000
00000000
00000000
01010101
01010202
06040006
51524609
454f564b
040103aa
01030202
01010101
00000000
00000000
00000000
00000000
00000000
00000000
00000000
00000000
01040402
02020403
04050401
4b514619
514d4b50
04056166
01010202
01000102
00000000
00000000
00000000
00000000
00000000
00000000
00000000
00000000
01050502
03010203
07080404
524e5149
494c504e
0209ab53
00010704
01020204
00000000
00000000
00000000
00000000
00000000
00000000
00000000
00000000
01030402
04010101
10040107
544c504e
554d4952
04a56350
08030107
03010301
00000000
00000000
00000000
00000000
00000000
00000000
00000000
00000000
01000101
02020402
3d090705
534e4b55
4c5d4e48
03a9514c
01010804
01020104
00000000
00000000
00000000
00000000
00000000
00000000
00000000
00000000
01020101
02010203
4f170701
4b4e4d55
4a4e5157
b0654f50
03050701
03010206
00000000
00000000
00000000
00000000
00000000
00000000
00000000
00000000
01020200
03020202
514e0a04
554f4e4c
504c4d4d
ab474a5c
05010504
06030401
00000000
00000000
00000000
00000000
00000000
00000000
00000000
00000000
01010101
03020300
4a541601
46485a4b
4c594b56
60534e48
06030470
06020502
00000000
00000000
00000000
00000000
00000000
00000000
00000000
00000000
01010101
01010101
534e430b
784c524d
4e4669c3
4d4d5250
050206a8
06020600
00000000
00000000
00000000
00000000
00000000
00000000
00000000
00000000
02010001
04040301
4e4b5218
ae51494f
524cc7f6
46584853
02048362
02060402
00000000
00000000
00000000
00000000
00000000
00000000
00000000
00000000
04040207
0d080407
524b4d4b
fc7e5149
4d83eff3
5250514d
06089a4c
08000305
01010001
02020302
01010001
01010101
00000000
00000000
00000000
00000000
03060503
1c020203
4f4d4e4c
f9c1524f
51bcf7f7
52504d53
0294694c
05050402
01000101
01020202
01010001
00010101
00000000
00000000
00000000
00000000
07010002
480d0103
504d504b
f6f07b4c
7df1fef7
4e4d4f4c
06a8464d
03020104
00000101
01010101
01000000
00000000
00000000
00000000
00000000
00000000
03040405
45200407
4f4c524d
f8fac051
c7fcf9fa
4c4c524e
9956564a
03010105
01010101
00000000
00000000
00000000
00000000
00000000
00000000
00000000
050a0403
5749090d
45505050
fdf7f583
f5f3f7fd
4e4d4b82
9b46514e
05040305
01010100
01010101
01010000
00000101
00000000
00000000
00000000
00000000
04040406
4e471604
4d534b50
f6fafbcb
fdf5f8fd
504a50c6
5f574d4b
0501085a
01010000
01020202
01010001
00000101
00000000
00000000
00000000
00000000
01000401
4b56450b
874f4c4e
f4fbf5f1
f8fbfcfc
4e4b86f1
50504b52
0104049c
01000101
01020202
01010100
00000101
00000000
00000000
00000000
00000000
070a0304
4e524c24
c648544e
f9fbf8fb
fcf8fcfc
4e50c7fe
494f544d
0600785d
01010202
01010101
01010100
01000101
00000000
00000000
00000000
00000000
0e0a0506
51524c47
f47d4e4c
fef1f9f9
faf9f0fc
488bf1f9
504f4c50
06069651
04010206
00020100
01010100
01010001
00000000
00000000
00000000
00000000
1e030406
4a4d5052
facd4959
edfbf7ea
faf9fbf4
52cdfdf7
51554d4f
03a06148
03050202
04000201
01010101
01010000
00000000
00000000
00000000
00000000
470d0201
534b504c
f7f77f4a
f9fcf1fd
f9f2fbfa
85f7dffa
524a4d4e
079a474c
02010801
0302010a
00000101
01010000
00000000
00000000
00000000
00000000
5121090b
4f4f564e
ecfdd050
fbf2f7fc
e6fbfdf3
d34d0740
4f4d5255
9964514d
02010202
02080201
01010001
00000001
00000000
00000000
00000000
00000000
54461308
4b50474b
fbf5f280
2a1c85f1
4aee5225
a50b0f05
494f4798
94455457
04030505
02020601
01010101
01010001
00000000
00000000
00000000
00000000
52542302
4e4c5948
8ee9fdc9
05110226
12100806
b0090804
4a514bd6
634f4a4c
0205098e
08020207
02020100
02010001
00000000
00000000
00000000
00000000
54514312
8e495448
042e8ff5
0a070505
07050f04
ed610207
504c88f2
4a524e4d
04070b98
01030600
02030200
03020001
00000000
00000000
00000000
00000000
48465326
c0544955
030a0546
10037849
0a11020e
f7efd661
4e4bd6f6
4f564d4e
040ac355
02020401
02030200
03020002
03000203
05050203
03020301
05030104
5148574b
d795444e
0d080311
0b036084
0406060a
fef4f98e
4590faf7
4e4b5150
050a8f4d
01030207
02020101
02000101
01010201
03020002
02030103
3e090400
4f4c514b
d9d4584d
04170502
0a030c04
010d0704
f2fbfb4b
56c8fdfa
504c4e52
01b15e4e
03010503
01010101
00000101
02020002
00020201
04050101
4b140802
56494c4f
c2f38b47
0d0e0409
01080a05
06120b04
fafdf306
8ef3fefb
4f4c5049
08934a4b
01010106
01020101
01010000
03030104
02040400
04010201
472a0b03
5a494d51
b2f7c751
09010307
0c0c0910
02070608
fbf8fc4c
d6fafcf9
4e4c5053
b9595152
00060204
01030201
01010100
02020003
04040300
04010104
4f4a1001
4c4e504a
a7fbf18c
02060e01
02020705
26020005
fbfcfdd8
f9f4fdfa
504c4991
934a5050
0102050a
01020301
00020301
00010000
03020101
06050102
4d562c06
4f50504c
89fcfdd5
0c071302
3a010f10
a2010224
fefdf6fd
f9f9fdfa
4f4c50d6
56514d4d
050200b8
01010101
02020401
02020104
01000100
05020105
4c564a10
8e4e5151
a2f8f6f8
06040807
71040204
fb280238
fafcfef1
f2fefbf8
4c5191f7
4f4f504a
01040889
01030303
02010202
02030106
02000100
08020103
4a4e5329
d24d524f
f7fef9f7
0709053a
0900140a
fc850009
fbfcfefd
fef9fbfb
4c59dbf6
4a4b564f
0301c25e
01030604
01010001
02040006
03010101
0c040205
49544f4a
f5904a51
fef8f6fd
05080174
0a09050c
fdeb1a05
fcf9fffe
fef7f8fa
4d91f7f9
4e4b5851
010a8353
04020604
04030403
01030103
02020100
22020206
544c5257
fecc5b4d
f8fcf9fa
0b110a8a
060a0702
f4fd7304
fefef8fd
fbf7fefc
5acdfcf8
4d564851
04bb5d49
03020a01
05010502
01020201
01000101
480c0301
5649554e
faf98f47
f7fdfaf8
010e01a3
08091028
f1f76b05
fef0feff
f7f9fefd
8ff1fcfa
5151534d
0a98454a
01050501
07010504
02010205
01010002
57210701
514b4e4b
f8fccb57
fcfafcfc
09110ab9
0d047a7d
fdbd1302
fefefbf2
fafdf9fb
ddf1f0fc
56494f55
c35b4c4d
03080e01
03020305
02010105
01030102
52450f01
4d554455
f6f5ee93
fefafdfc
05020add
0311e95f
d2160108
fdfbf5fc
f7f8fafe
fbf6fffe
49544b95
904a5651
0504090a
06030205
01010003
01010001
4d562707
53534f48
f7f7f7db
fdfcfcfe
011002d0
0217fc81
3451160d
fbfdfbe5
f7fbfaf9
f7fbf8f0
4f4d4ed4
524b4c53
050704c7
01080407
02020101
04010100
4f514a10
8b4f5746
f7fcf8fc
faf8fdfc
020b0aa5
17018fd2
73fb8b02
fcf9fe3f
faf6e5fd
f9faf2fc
4e4da1f9
504b544b
05010795
01050104
03020203
05030302
524b511d
cf554c53
f6f8faf9
f8f3fcf9
4403078d
02051ce2
fbfaf31c
e6fe4e68
802d1274
f8f5fefb
5054d5f8
4d504a53
0205c251
02010703
02030508
0e070407
514b5348
fa9e4b4d
fcfaf9fb
fdfafcfc
85030464
0506069a
fdf9f599
38b622dc
02020906
fdf7fd89
4e9beaf8
4c4d544f
050c864c
05020108
05030103
39030201
514c5049
f9d0604c
f8fdfdf8
f5fdfdfd
b5050335
1405025c
f1fdfcd9
08026dfd
0d081304
ebf98404
59d7f9f4
5349514c
00b8554d
03030504
05020204
49130104
504e4d4c
f7f8984a
f6fdfdf9
ecfdfafd
c420061a
62030212
fcf3f6fd
0d050fb0
0309040e
fd8c0405
96faf4f5
4c4a4f50
0d8c4850
04030203
04040505
4c32050a
4c4e4d50
fbfad55d
fbfdf9f7
d1fdf9fd
9d4c0909
cd100b02
c5f3fdf9
0207031a
08020d03
c1120213
d7faf9f7
4f514c62
c650514f
01030308
05050305
524e0c09
494d4e50
f5f6f899
fbfbf6fd
b5fafafb
49340303
99090c03
2acfe9f9
0a080d06
07110405
28100307
f0fef6d3
4d504997
88485650
0209060d
01050205
4d512103
5e4e4f4d
f9f7f8db
3a314072
1740383a
0a040605
10040406
050e220c
04080403
08060308
03060303
fbdc4904
4d4e56dc
504e4e4b
020605c3
02030002
4b534912
964d504c
f8f3f1f8
a398acdf
aca89fa5
b2aeb6ac
a6b4a8b0
a1bca0a6
aab1a9b2
a6acb3aa
bfa2b7b5
f6f2a4b6
51588ff9
4e4b4f50
05040b83
07050207
4c4c5026
bb4a514e
f9f5f6ee
f6f4f4f5
f6f1f4f6
f1f6f0f6
f6f1f6f3
f7f3f4f4
f7f1f7f4
f4f6f7f4
f5f6f4f6
f1f1f1f7
4d47bdf2
4a524f4d
0008c154
0c050407
4d545056
73554b50
a3a7a796
a0a0a0a0
a0a0a0a0
9f9f9f9f
9f9f9f9f
a0a0a0a0
a0a0a0a0
a0a0a0a0
a0a0a0a0
a6a2a1a7
4a527097
51524950
080d7a4b
31040303
4f524a47
4d4a494f
4b4d5252
4c4c4c4c
4c4c4c4c
4b4b4b4b
4b4b4b4b
4c4c4c4c
4c4c4c4c
4b4b4b4b
4b4b4b4b
514b4a4e
504c4c51
49534e54
05c2614d
4b0e0206
524b5953
4f4f5155
4e4c4d4f
50505050
50505050
50505050
50505050
51515151
51515151
50505050
50505050
4b4f5354
54524e4d
4a514e46
0a8a4552
512d0a06
48564b4b
4e4b4b4b
50505151
50505050
50505050
50505050
50505050
51515151
51515151
50505050
50505050
4e50504d
4b4d4e4d
4f4e5353
c053504d
52491106
57524d51
504f5052
4d4d4e50
4c4c4c4c
4c4c4c4c
4b4b4b4b
4b4b4b4b
4c4c4c4c
4c4c4c4c
4b4b4b4b
4b4b4b4b
4d4c4a4b
51504f4e
4c504b4c
a746534f
4b501603
51494b55
4f504f4e
53514e4d
53535353
53535353
52525252
52525252
52525252
52525252
52525252
52525252
50515457
4f4d4c4e
4f4f5150
c7504f59
4a7c0808
4b495445
4b4c4c4b
524f4c4a
4c4c4c4c
4c4c4c4c
4b4b4b4b
4b4b4b4b
4c4c4c4c
4c4c4c4c
4b4b4b4b
4b4b4b4b
4b4a4a4a
4d4d4c4c
4e464d52
f0774148
8112020d
7a7d7f87
7d7e7b7a
7d7d787a
7e7e7e7e
7e7e7e7e
7e7e7e7e
7e7e7e7e
7e7e7e7e
7e7e7e7e
7e7e7e7e
7e7e7e7e
8284817c
7a7d7f7f
777f7c78
22e3a380
